INSERT INTO "Storage"."Forms" ("identifier", "catalog", "title", "inputLogin", "validationLogin", "profile", "updateDate", "isValidated", "isPublished", "type") VALUES (15, 'CSWCat', 'protected vectors', 'admin', NULL, 'ISO_19115', '2009-08-27', 1, 1, 'NORMALFORM');


INSERT INTO "Storage"."Values" ("form", "path", "ordinal", "type", "typeStandard", "id_value") VALUES (15, 'ISO 19115:MD_Metadata', 1, 'MD_Metadata', 'ISO 19115', 'ISO 19115:MD_Metadata.1');
INSERT INTO "Storage"."Values" ("form", "path", "ordinal", "type", "typeStandard", "id_value") VALUES (15, 'ISO 19115:MD_Metadata:contact', 1, 'CI_ResponsibleParty', 'ISO 19115', 'ISO 19115:MD_Metadata.1:contact.1');
INSERT INTO "Storage"."Values" ("form", "path", "ordinal", "type", "typeStandard", "id_value") VALUES (15, 'ISO 19115:MD_Metadata:contact:contactInfo', 1, 'CI_Contact', 'ISO 19115', 'ISO 19115:MD_Metadata.1:contact.1:contactInfo.1');
INSERT INTO "Storage"."Values" ("form", "path", "ordinal", "type", "typeStandard", "id_value") VALUES (15, 'ISO 19115:MD_Metadata:contact:contactInfo:phone', 1, 'CI_Telephone', 'ISO 19115', 'ISO 19115:MD_Metadata.1:contact.1:contactInfo.1:phone.1');
INSERT INTO "Storage"."Values" ("form", "path", "ordinal", "type", "typeStandard", "id_value") VALUES (15, 'ISO 19115:MD_Metadata:contact:contactInfo:address', 1, 'CI_Address', 'ISO 19115', 'ISO 19115:MD_Metadata.1:contact.1:contactInfo.1:address.1');
INSERT INTO "Storage"."Values" ("form", "path", "ordinal", "type", "typeStandard", "id_value") VALUES (15, 'ISO 19115:MD_Metadata:contact:contactInfo:address:country', 1, 'Anchor', 'ISO 19103', 'ISO 19115:MD_Metadata.1:contact.1:contactInfo.1:address.1:country.1');
INSERT INTO "Storage"."Values" ("form", "path", "ordinal", "type", "typeStandard", "id_value") VALUES (15, 'ISO 19115:MD_Metadata:contact:contactInfo:onlineResource', 1, 'CI_OnlineResource', 'ISO 19115', 'ISO 19115:MD_Metadata.1:contact.1:contactInfo.1:onlineResource.1');
INSERT INTO "Storage"."Values" ("form", "path", "ordinal", "type", "typeStandard", "id_value") VALUES (15, 'ISO 19115:MD_Metadata:spatialRepresentationInfo', 1, 'MD_VectorSpatialRepresentation', 'ISO 19115', 'ISO 19115:MD_Metadata.1:spatialRepresentationInfo.1');
INSERT INTO "Storage"."Values" ("form", "path", "ordinal", "type", "typeStandard", "id_value") VALUES (15, 'ISO 19115:MD_Metadata:spatialRepresentationInfo:geometricObjects', 1, 'MD_GeometricObjects', 'ISO 19115', 'ISO 19115:MD_Metadata.1:spatialRepresentationInfo.1:geometricObjects.1');
INSERT INTO "Storage"."Values" ("form", "path", "ordinal", "type", "typeStandard", "id_value") VALUES (15, 'ISO 19115:MD_Metadata:metadataExtensionInfo', 1, 'MD_MetadataExtensionInformation', 'ISO 19115', 'ISO 19115:MD_Metadata.1:metadataExtensionInfo.1');
INSERT INTO "Storage"."Values" ("form", "path", "ordinal", "type", "typeStandard", "id_value") VALUES (15, 'ISO 19115:MD_Metadata:referenceSystemInfo', 1, 'MD_ReferenceSystem', 'ISO 19115', 'ISO 19115:MD_Metadata.1:referenceSystemInfo.1');
INSERT INTO "Storage"."Values" ("form", "path", "ordinal", "type", "typeStandard", "id_value") VALUES (15, 'ISO 19115:MD_Metadata:referenceSystemInfo:referenceSystemIdentifier', 1, 'RS_Identifier', 'ISO 19115', 'ISO 19115:MD_Metadata.1:referenceSystemInfo.1:referenceSystemIdentifier.1');
INSERT INTO "Storage"."Values" ("form", "path", "ordinal", "type", "typeStandard", "id_value") VALUES (15, 'ISO 19115:MD_Metadata:referenceSystemInfo:referenceSystemIdentifier:authority', 1, 'CI_Citation', 'ISO 19115', 'ISO 19115:MD_Metadata.1:referenceSystemInfo.1:referenceSystemIdentifier.1:authority.1');
INSERT INTO "Storage"."Values" ("form", "path", "ordinal", "type", "typeStandard", "id_value") VALUES (15, 'ISO 19115:MD_Metadata:referenceSystemInfo:referenceSystemIdentifier:authority:identifier', 1, 'RS_Identifier', 'ISO 19115', 'ISO 19115:MD_Metadata.1:referenceSystemInfo.1:referenceSystemIdentifier.1:authority.1:identifier.1');
INSERT INTO "Storage"."Values" ("form", "path", "ordinal", "type", "typeStandard", "id_value") VALUES (15, 'ISO 19115:MD_Metadata:referenceSystemInfo:referenceSystemIdentifier:authority:edition', 1, 'Anchor', 'ISO 19103', 'ISO 19115:MD_Metadata.1:referenceSystemInfo.1:referenceSystemIdentifier.1:authority.1:edition.1');
INSERT INTO "Storage"."Values" ("form", "path", "ordinal", "type", "typeStandard", "id_value") VALUES (15, 'ISO 19115:MD_Metadata:metadataExtensionInfo:extendedElementInformation', 1, 'MD_ExtendedElementInformation', 'ISO 19115', 'ISO 19115:MD_Metadata.1:metadataExtensionInfo.1:extendedElementInformation.1');
INSERT INTO "Storage"."Values" ("form", "path", "ordinal", "type", "typeStandard", "id_value") VALUES (15, 'ISO 19115:MD_Metadata:identificationInfo', 1, 'MD_DataIdentification', 'ISO 19115', 'ISO 19115:MD_Metadata.1:identificationInfo.1');
INSERT INTO "Storage"."Values" ("form", "path", "ordinal", "type", "typeStandard", "id_value") VALUES (15, 'ISO 19115:MD_Metadata:identificationInfo:extent', 1, 'EX_Extent', 'ISO 19115', 'ISO 19115:MD_Metadata.1:identificationInfo.1:extent.1');
INSERT INTO "Storage"."Values" ("form", "path", "ordinal", "type", "typeStandard", "id_value") VALUES (15, 'ISO 19115:MD_Metadata:identificationInfo:extent:geographicElement2', 1, 'EX_GeographicBoundingBox', 'ISO 19115', 'ISO 19115:MD_Metadata.1:identificationInfo.1:extent.1:geographicElement2.1');
INSERT INTO "Storage"."Values" ("form", "path", "ordinal", "type", "typeStandard", "id_value") VALUES (15, 'ISO 19115:MD_Metadata:identificationInfo:extent:temporalElement', 1, 'EX_TemporalExtent', 'ISO 19115', 'ISO 19115:MD_Metadata.1:identificationInfo.1:extent.1:temporalElement.1');
INSERT INTO "Storage"."Values" ("form", "path", "ordinal", "type", "typeStandard", "id_value") VALUES (15, 'ISO 19115:MD_Metadata:identificationInfo:extent:temporalElement:extent', 1, 'TimePeriod', 'ISO 19108', 'ISO 19115:MD_Metadata.1:identificationInfo.1:extent.1:temporalElement.1:extent.1');
INSERT INTO "Storage"."Values" ("form", "path", "ordinal", "type", "typeStandard", "id_value") VALUES (15, 'ISO 19115:MD_Metadata:identificationInfo:extent:verticalElement', 1, 'EX_VerticalExtent', 'ISO 19115', 'ISO 19115:MD_Metadata.1:identificationInfo.1:extent.1:verticalElement.1');
INSERT INTO "Storage"."Values" ("form", "path", "ordinal", "type", "typeStandard", "id_value") VALUES (15, 'ISO 19115:MD_Metadata:identificationInfo:extent:verticalElement:verticalCRS', 1, 'VerticalCRS', 'ISO 19108', 'ISO 19115:MD_Metadata.1:identificationInfo.1:extent.1:verticalElement.1:verticalCRS.1');
INSERT INTO "Storage"."Values" ("form", "path", "ordinal", "type", "typeStandard", "id_value") VALUES (15, 'ISO 19115:MD_Metadata:identificationInfo:extent:verticalElement:verticalCRS:identifier', 1, 'RS_Identifier', 'ISO 19115', 'ISO 19115:MD_Metadata.1:identificationInfo.1:extent.1:verticalElement.1:verticalCRS.1:identifier.1');
INSERT INTO "Storage"."Values" ("form", "path", "ordinal", "type", "typeStandard", "id_value") VALUES (15, 'ISO 19115:MD_Metadata:identificationInfo:extent:verticalElement:verticalCRS:verticalCSProperty', 1, 'VerticalCS', 'ISO 19108', 'ISO 19115:MD_Metadata.1:identificationInfo.1:extent.1:verticalElement.1:verticalCRS.1:verticalCSProperty.1');
INSERT INTO "Storage"."Values" ("form", "path", "ordinal", "type", "typeStandard", "id_value") VALUES (15, 'ISO 19115:MD_Metadata:identificationInfo:extent:verticalElement:verticalCRS:verticalDatumProperty', 1, 'VerticalDatum', 'ISO 19108', 'ISO 19115:MD_Metadata.1:identificationInfo.1:extent.1:verticalElement.1:verticalCRS.1:verticalDatumProperty.1');
INSERT INTO "Storage"."Values" ("form", "path", "ordinal", "type", "typeStandard", "id_value") VALUES (15, 'ISO 19115:MD_Metadata:identificationInfo:extent:verticalElement:verticalCRS:verticalCSProperty:identifier', 1, 'RS_Identifier', 'ISO 19115', 'ISO 19115:MD_Metadata.1:identificationInfo.1:extent.1:verticalElement.1:verticalCRS.1:verticalCSProperty.1:identifier.1');
INSERT INTO "Storage"."Values" ("form", "path", "ordinal", "type", "typeStandard", "id_value") VALUES (15, 'ISO 19115:MD_Metadata:identificationInfo:extent:verticalElement:verticalCRS:verticalCSProperty:axis', 1, 'CoordinateSystemAxis', 'ISO 19108', 'ISO 19115:MD_Metadata.1:identificationInfo.1:extent.1:verticalElement.1:verticalCRS.1:verticalCSProperty.1:axis.1');
INSERT INTO "Storage"."Values" ("form", "path", "ordinal", "type", "typeStandard", "id_value") VALUES (15, 'ISO 19115:MD_Metadata:identificationInfo:extent:verticalElement:verticalCRS:verticalCSProperty:axis:identifier', 1, 'RS_Identifier', 'ISO 19115', 'ISO 19115:MD_Metadata.1:identificationInfo.1:extent.1:verticalElement.1:verticalCRS.1:verticalCSProperty.1:axis.1:identifier.1');
INSERT INTO "Storage"."Values" ("form", "path", "ordinal", "type", "typeStandard", "id_value") VALUES (15, 'ISO 19115:MD_Metadata:identificationInfo:extent:verticalElement:verticalCRS:verticalDatumProperty:identifier', 1, 'RS_Identifier', 'ISO 19115', 'ISO 19115:MD_Metadata.1:identificationInfo.1:extent.1:verticalElement.1:verticalCRS.1:verticalDatumProperty.1:identifier.1');
INSERT INTO "Storage"."Values" ("form", "path", "ordinal", "type", "typeStandard", "id_value") VALUES (15, 'ISO 19115:MD_Metadata:identificationInfo:citation', 1, 'CI_Citation', 'ISO 19115', 'ISO 19115:MD_Metadata.1:identificationInfo.1:citation.1');
INSERT INTO "Storage"."Values" ("form", "path", "ordinal", "type", "typeStandard", "id_value") VALUES (15, 'ISO 19115:MD_Metadata:identificationInfo:citation:date', 1, 'CI_Date', 'ISO 19115', 'ISO 19115:MD_Metadata.1:identificationInfo.1:citation.1:date.1');
INSERT INTO "Storage"."Values" ("form", "path", "ordinal", "type", "typeStandard", "id_value") VALUES (15, 'ISO 19115:MD_Metadata:identificationInfo:citation:citedResponsibleParty', 1, 'CI_ResponsibleParty', 'ISO 19115', 'ISO 19115:MD_Metadata.1:identificationInfo.1:citation.1:citedResponsibleParty.1');
INSERT INTO "Storage"."Values" ("form", "path", "ordinal", "type", "typeStandard", "id_value") VALUES (15, 'ISO 19115:MD_Metadata:identificationInfo:citation:citedResponsibleParty:contactInfo', 1, 'CI_Contact', 'ISO 19115', 'ISO 19115:MD_Metadata.1:identificationInfo.1:citation.1:citedResponsibleParty.1:contactInfo.1');
INSERT INTO "Storage"."Values" ("form", "path", "ordinal", "type", "typeStandard", "id_value") VALUES (15, 'ISO 19115:MD_Metadata:identificationInfo:citation:citedResponsibleParty:contactInfo:phone', 1, 'CI_Telephone', 'ISO 19115', 'ISO 19115:MD_Metadata.1:identificationInfo.1:citation.1:citedResponsibleParty.1:contactInfo.1:phone.1');
INSERT INTO "Storage"."Values" ("form", "path", "ordinal", "type", "typeStandard", "id_value") VALUES (15, 'ISO 19115:MD_Metadata:identificationInfo:citation:citedResponsibleParty:contactInfo:address', 1, 'CI_Address', 'ISO 19115', 'ISO 19115:MD_Metadata.1:identificationInfo.1:citation.1:citedResponsibleParty.1:contactInfo.1:address.1');
INSERT INTO "Storage"."Values" ("form", "path", "ordinal", "type", "typeStandard", "id_value") VALUES (15, 'ISO 19115:MD_Metadata:identificationInfo:citation:citedResponsibleParty:contactInfo:address:country', 1, 'Anchor', 'ISO 19103', 'ISO 19115:MD_Metadata.1:identificationInfo.1:citation.1:citedResponsibleParty.1:contactInfo.1:address.1:country.1');
INSERT INTO "Storage"."Values" ("form", "path", "ordinal", "type", "typeStandard", "id_value") VALUES (15, 'ISO 19115:MD_Metadata:identificationInfo:citation:citedResponsibleParty:contactInfo:onlineResource', 1, 'CI_OnlineResource', 'ISO 19115', 'ISO 19115:MD_Metadata.1:identificationInfo.1:citation.1:citedResponsibleParty.1:contactInfo.1:onlineResource.1');
INSERT INTO "Storage"."Values" ("form", "path", "ordinal", "type", "typeStandard", "id_value") VALUES (15, 'ISO 19115:MD_Metadata:identificationInfo:pointOfContact', 1, 'CI_ResponsibleParty', 'ISO 19115', 'ISO 19115:MD_Metadata.1:identificationInfo.1:pointOfContact.1');
INSERT INTO "Storage"."Values" ("form", "path", "ordinal", "type", "typeStandard", "id_value") VALUES (15, 'ISO 19115:MD_Metadata:identificationInfo:descriptiveKeywords', 1, 'MD_Keywords', 'ISO 19115', 'ISO 19115:MD_Metadata.1:identificationInfo.1:descriptiveKeywords.1');
INSERT INTO "Storage"."Values" ("form", "path", "ordinal", "type", "typeStandard", "id_value") VALUES (15, 'ISO 19115:MD_Metadata:identificationInfo:descriptiveKeywords:keyword', 1, 'Anchor', 'ISO 19103', 'ISO 19115:MD_Metadata.1:identificationInfo.1:descriptiveKeywords.1:keyword.1');
INSERT INTO "Storage"."Values" ("form", "path", "ordinal", "type", "typeStandard", "id_value") VALUES (15, 'ISO 19115:MD_Metadata:identificationInfo:descriptiveKeywords:ThesaurusName', 1, 'CI_Citation', 'ISO 19115', 'ISO 19115:MD_Metadata.1:identificationInfo.1:descriptiveKeywords.1:ThesaurusName.1');
INSERT INTO "Storage"."Values" ("form", "path", "ordinal", "type", "typeStandard", "id_value") VALUES (15, 'ISO 19115:MD_Metadata:identificationInfo:descriptiveKeywords:ThesaurusName:date', 1, 'CI_Date', 'ISO 19115', 'ISO 19115:MD_Metadata.1:identificationInfo.1:descriptiveKeywords.1:ThesaurusName.1:date.1');
INSERT INTO "Storage"."Values" ("form", "path", "ordinal", "type", "typeStandard", "id_value") VALUES (15, 'ISO 19115:MD_Metadata:identificationInfo:descriptiveKeywords:ThesaurusName:identifier', 1, 'RS_Identifier', 'ISO 19115', 'ISO 19115:MD_Metadata.1:identificationInfo.1:descriptiveKeywords.1:ThesaurusName.1:identifier.1');
INSERT INTO "Storage"."Values" ("form", "path", "ordinal", "type", "typeStandard", "id_value") VALUES (15, 'ISO 19115:MD_Metadata:identificationInfo:descriptiveKeywords:ThesaurusName:edition', 1, 'Anchor', 'ISO 19103', 'ISO 19115:MD_Metadata.1:identificationInfo.1:descriptiveKeywords.1:ThesaurusName.1:edition.1');
INSERT INTO "Storage"."Values" ("form", "path", "ordinal", "type", "typeStandard", "id_value") VALUES (15, 'ISO 19115:MD_Metadata:identificationInfo:resourceConstraints', 1, 'MD_LegalConstraints', 'ISO 19115', 'ISO 19115:MD_Metadata.1:identificationInfo.1:resourceConstraints.1');
INSERT INTO "Storage"."Values" ("form", "path", "ordinal", "type", "typeStandard", "id_value") VALUES (15, 'ISO 19115:MD_Metadata:identificationInfo:aggregationInfo', 1, 'MD_AggregateInformation', 'ISO 19115', 'ISO 19115:MD_Metadata.1:identificationInfo.1:aggregationInfo.1');
INSERT INTO "Storage"."Values" ("form", "path", "ordinal", "type", "typeStandard", "id_value") VALUES (15, 'ISO 19115:MD_Metadata:identificationInfo:aggregationInfo:aggregateDataSetName', 1, 'CI_Citation', 'ISO 19115', 'ISO 19115:MD_Metadata.1:identificationInfo.1:aggregationInfo.1:aggregateDataSetName.1');
INSERT INTO "Storage"."Values" ("form", "path", "ordinal", "type", "typeStandard", "id_value") VALUES (15, 'ISO 19115:MD_Metadata:dataQualityInfo', 1, 'DQ_DataQuality', 'ISO 19115', 'ISO 19115:MD_Metadata.1:dataQualityInfo.1');
INSERT INTO "Storage"."Values" ("form", "path", "ordinal", "type", "typeStandard", "id_value") VALUES (15, 'ISO 19115:MD_Metadata:dataQualityInfo:scope', 1, 'DQ_Scope', 'ISO 19115', 'ISO 19115:MD_Metadata.1:dataQualityInfo.1:scope.1');
INSERT INTO "Storage"."Values" ("form", "path", "ordinal", "type", "typeStandard", "id_value") VALUES (15, 'ISO 19115:MD_Metadata:dataQualityInfo:lineage', 1, 'LI_Lineage', 'ISO 19115', 'ISO 19115:MD_Metadata.1:dataQualityInfo.1:lineage.1');
INSERT INTO "Storage"."Values" ("form", "path", "ordinal", "type", "typeStandard", "id_value") VALUES (15, 'ISO 19115:MD_Metadata:dataQualityInfo:report', 1, 'DQ_CompletenessOmission', 'ISO 19115', 'ISO 19115:MD_Metadata.1:dataQualityInfo.1:report.1');
INSERT INTO "Storage"."Values" ("form", "path", "ordinal", "type", "typeStandard", "id_value") VALUES (15, 'ISO 19115:MD_Metadata:dataQualityInfo:report:result', 1, 'DQ_QuantitativeResult', 'ISO 19115', 'ISO 19115:MD_Metadata.1:dataQualityInfo.1:report.1:result.1');
INSERT INTO "Storage"."Values" ("form", "path", "ordinal", "type", "typeStandard", "id_value") VALUES (15, 'ISO 19115:MD_Metadata:dataQualityInfo:report', 2, 'DQ_AbsoluteExternalPositionalAccuracy', 'ISO 19115', 'ISO 19115:MD_Metadata.1:dataQualityInfo.1:report.2');
INSERT INTO "Storage"."Values" ("form", "path", "ordinal", "type", "typeStandard", "id_value") VALUES (15, 'ISO 19115:MD_Metadata:dataQualityInfo:report:result', 1, 'DQ_QuantitativeResult', 'ISO 19115', 'ISO 19115:MD_Metadata.1:dataQualityInfo.1:report.2:result.1');
INSERT INTO "Storage"."Values" ("form", "path", "ordinal", "type", "typeStandard", "id_value") VALUES (15, 'ISO 19115:MD_Metadata:distributionInfo', 1, 'MD_Distribution', 'ISO 19115', 'ISO 19115:MD_Metadata.1:distributionInfo.1');
INSERT INTO "Storage"."Values" ("form", "path", "ordinal", "type", "typeStandard", "id_value") VALUES (15, 'ISO 19115:MD_Metadata:distributionInfo:distributionFormat', 1, 'MD_Format', 'ISO 19115', 'ISO 19115:MD_Metadata.1:distributionInfo.1:distributionFormat.1');
INSERT INTO "Storage"."Values" ("form", "path", "ordinal", "type", "typeStandard", "id_value") VALUES (15, 'ISO 19115:MD_Metadata:distributionInfo:distributionFormat:name', 1, 'Anchor', 'ISO 19103', 'ISO 19115:MD_Metadata.1:distributionInfo.1:distributionFormat.1:name.1');
INSERT INTO "Storage"."Values" ("form", "path", "ordinal", "type", "typeStandard", "id_value") VALUES (15, 'ISO 19115:MD_Metadata:distributionInfo:distributor', 1, 'MD_Distributor', 'ISO 19115', 'ISO 19115:MD_Metadata.1:distributionInfo.1:distributor.1');
INSERT INTO "Storage"."Values" ("form", "path", "ordinal", "type", "typeStandard", "id_value") VALUES (15, 'ISO 19115:MD_Metadata:distributionInfo:distributor:distributorContact', 1, 'CI_ResponsibleParty', 'ISO 19115', 'ISO 19115:MD_Metadata.1:distributionInfo.1:distributor.1:distributorContact.1');
INSERT INTO "Storage"."Values" ("form", "path", "ordinal", "type", "typeStandard", "id_value") VALUES (15, 'ISO 19115:MD_Metadata:distributionInfo:transferOptions', 1, 'MD_DigitalTransferOptions', 'ISO 19115', 'ISO 19115:MD_Metadata.1:distributionInfo.1:transferOptions.1');
INSERT INTO "Storage"."Values" ("form", "path", "ordinal", "type", "typeStandard", "id_value") VALUES (15, 'ISO 19115:MD_Metadata:distributionInfo:transferOptions:onLine', 1, 'CI_OnlineResource', 'ISO 19115', 'ISO 19115:MD_Metadata.1:distributionInfo.1:transferOptions.1:onLine.1');

INSERT INTO "Storage"."TextValues" ("form", "path", "ordinal", "type", "typeStandard", "id_value", "value") VALUES (15, 'ISO 19115:MD_Metadata:fileIdentifier', 1, 'CharacterString', 'ISO 19103', 'ISO 19115:MD_Metadata.1:fileIdentifier.1', '42292_5p_19900609195600');
INSERT INTO "Storage"."TextValues" ("form", "path", "ordinal", "type", "typeStandard", "id_value", "value") VALUES (15, 'ISO 19115:MD_Metadata:language', 1, 'LanguageCode', 'ISO 19115', 'ISO 19115:MD_Metadata.1:language.1', 'eng');
INSERT INTO "Storage"."TextValues" ("form", "path", "ordinal", "type", "typeStandard", "id_value", "value") VALUES (15, 'ISO 19115:MD_Metadata:characterSet', 1, 'MD_CharacterSetCode', 'ISO 19115', 'ISO 19115:MD_Metadata.1:characterSet.1', '4');
INSERT INTO "Storage"."TextValues" ("form", "path", "ordinal", "type", "typeStandard", "id_value", "value") VALUES (15, 'ISO 19115:MD_Metadata:hierarchyLevel', 1, 'MD_ScopeCode', 'ISO 19115', 'ISO 19115:MD_Metadata.1:hierarchyLevel.1', '5');
INSERT INTO "Storage"."TextValues" ("form", "path", "ordinal", "type", "typeStandard", "id_value", "value") VALUES (15, 'ISO 19115:MD_Metadata:hierarchyLevelName', 1, 'CharacterString', 'ISO 19103', 'ISO 19115:MD_Metadata.1:hierarchyLevelName.1', 'Common Data Index record');
INSERT INTO "Storage"."TextValues" ("form", "path", "ordinal", "type", "typeStandard", "id_value", "value") VALUES (15, 'ISO 19115:MD_Metadata:contact:organisationName', 1, 'CharacterString', 'ISO 19103', 'ISO 19115:MD_Metadata.1:contact.1:organisationName.1', 'IFREMER / IDM/SISMER');
INSERT INTO "Storage"."TextValues" ("form", "path", "ordinal", "type", "typeStandard", "id_value", "value") VALUES (15, 'ISO 19115:MD_Metadata:contact:contactInfo:phone:voice', 1, 'CharacterString', 'ISO 19103', 'ISO 19115:MD_Metadata.1:contact.1:contactInfo.1:phone.1:voice.1', '+33 (0)2 98.22.49.16');
INSERT INTO "Storage"."TextValues" ("form", "path", "ordinal", "type", "typeStandard", "id_value", "value") VALUES (15, 'ISO 19115:MD_Metadata:contact:contactInfo:phone:facsimile', 1, 'CharacterString', 'ISO 19103', 'ISO 19115:MD_Metadata.1:contact.1:contactInfo.1:phone.1:facsimile.1', '+33 (0)2 98.22.46.44');
INSERT INTO "Storage"."TextValues" ("form", "path", "ordinal", "type", "typeStandard", "id_value", "value") VALUES (15, 'ISO 19115:MD_Metadata:contact:contactInfo:address:deliveryPoint', 1, 'CharacterString', 'ISO 19103', 'ISO 19115:MD_Metadata.1:contact.1:contactInfo.1:address.1:deliveryPoint.1', 'Centre IFREMER de Brest BP 70');
INSERT INTO "Storage"."TextValues" ("form", "path", "ordinal", "type", "typeStandard", "id_value", "value") VALUES (15, 'ISO 19115:MD_Metadata:contact:contactInfo:address:city', 1, 'CharacterString', 'ISO 19103', 'ISO 19115:MD_Metadata.1:contact.1:contactInfo.1:address.1:city.1', 'PLOUZANE');
INSERT INTO "Storage"."TextValues" ("form", "path", "ordinal", "type", "typeStandard", "id_value", "value") VALUES (15, 'ISO 19115:MD_Metadata:contact:contactInfo:address:postalCode', 1, 'CharacterString', 'ISO 19103', 'ISO 19115:MD_Metadata.1:contact.1:contactInfo.1:address.1:postalCode.1', '29280');
INSERT INTO "Storage"."TextValues" ("form", "path", "ordinal", "type", "typeStandard", "id_value", "value") VALUES (15, 'ISO 19115:MD_Metadata:contact:contactInfo:address:country:value', 1, 'CharacterString', 'ISO 19103', 'ISO 19115:MD_Metadata.1:contact.1:contactInfo.1:address.1:country.1:value.1', 'France');
INSERT INTO "Storage"."TextValues" ("form", "path", "ordinal", "type", "typeStandard", "id_value", "value") VALUES (15, 'ISO 19115:MD_Metadata:contact:contactInfo:address:country:href', 1, 'URI', 'ISO 19103', 'ISO 19115:MD_Metadata.1:contact.1:contactInfo.1:address.1:country.1:href.1', 'SDN:C320:2:FR');
INSERT INTO "Storage"."TextValues" ("form", "path", "ordinal", "type", "typeStandard", "id_value", "value") VALUES (15, 'ISO 19115:MD_Metadata:contact:contactInfo:address:electronicMailAddress', 1, 'CharacterString', 'ISO 19103', 'ISO 19115:MD_Metadata.1:contact.1:contactInfo.1:address.1:electronicMailAddress.1', 'sismer@ifremer.fr');
INSERT INTO "Storage"."TextValues" ("form", "path", "ordinal", "type", "typeStandard", "id_value", "value") VALUES (15, 'ISO 19115:MD_Metadata:contact:contactInfo:onlineResource:linkage', 1, 'URI', 'ISO 19103', 'ISO 19115:MD_Metadata.1:contact.1:contactInfo.1:onlineResource.1:linkage.1', 'http://www.ifremer.fr/sismer/');
INSERT INTO "Storage"."TextValues" ("form", "path", "ordinal", "type", "typeStandard", "id_value", "value") VALUES (15, 'ISO 19115:MD_Metadata:contact:contactInfo:onlineResource:protocol', 1, 'CharacterString', 'ISO 19103', 'ISO 19115:MD_Metadata.1:contact.1:contactInfo.1:onlineResource.1:protocol.1', 'http');
INSERT INTO "Storage"."TextValues" ("form", "path", "ordinal", "type", "typeStandard", "id_value", "value") VALUES (15, 'ISO 19115:MD_Metadata:contact:role', 1, 'CI_RoleCode', 'ISO 19115', 'ISO 19115:MD_Metadata.1:contact.1:role.1', '11');
INSERT INTO "Storage"."TextValues" ("form", "path", "ordinal", "type", "typeStandard", "id_value", "value") VALUES (15, 'ISO 19115:MD_Metadata:dateStamp', 1, 'Date', 'ISO 19103', 'ISO 19115:MD_Metadata.1:dateStamp.1', '2009-01-01T06:00:00+01:00');
INSERT INTO "Storage"."TextValues" ("form", "path", "ordinal", "type", "typeStandard", "id_value", "value") VALUES (15, 'ISO 19115:MD_Metadata:spatialRepresentationInfo:geometricObjects:geometricObjectType', 1, 'MD_GeometricObjectTypeCode', 'ISO 19115', 'ISO 19115:MD_Metadata.1:spatialRepresentationInfo.1:geometricObjects.1:geometricObjectType.1', '4');
INSERT INTO "Storage"."TextValues" ("form", "path", "ordinal", "type", "typeStandard", "id_value", "value") VALUES (15, 'ISO 19115:MD_Metadata:metadataExtensionInfo:extendedElementInformation:name', 1, 'CharacterString', 'ISO 19103', 'ISO 19115:MD_Metadata.1:metadataExtensionInfo.1:extendedElementInformation.1:name.1', 'SDN:EDMO::');
INSERT INTO "Storage"."TextValues" ("form", "path", "ordinal", "type", "typeStandard", "id_value", "value") VALUES (15, 'ISO 19115:MD_Metadata:metadataExtensionInfo:extendedElementInformation:definition', 1, 'CharacterString', 'ISO 19103', 'ISO 19115:MD_Metadata.1:metadataExtensionInfo.1:extendedElementInformation.1:definition.1', 'http://www.seadatanet.org/urnurl/');
INSERT INTO "Storage"."TextValues" ("form", "path", "ordinal", "type", "typeStandard", "id_value", "value") VALUES (15, 'ISO 19115:MD_Metadata:metadataExtensionInfo:extendedElementInformation:dataType', 1, 'MD_DatatypeCode', 'ISO 19115', 'ISO 19115:MD_Metadata.1:metadataExtensionInfo.1:extendedElementInformation.1:dataType.1', '2');
INSERT INTO "Storage"."TextValues" ("form", "path", "ordinal", "type", "typeStandard", "id_value", "value") VALUES (15, 'ISO 19115:MD_Metadata:metadataExtensionInfo:extendedElementInformation:parentEntity', 1, 'CharacterString', 'ISO 19103', 'ISO 19115:MD_Metadata.1:metadataExtensionInfo.1:extendedElementInformation.1:parentEntity.1', 'SeaDataNet');
INSERT INTO "Storage"."TextValues" ("form", "path", "ordinal", "type", "typeStandard", "id_value", "value") VALUES (15, 'ISO 19115:MD_Metadata:referenceSystemInfo:referenceSystemIdentifier:code', 1, 'CharacterString', 'ISO 19103', 'ISO 19115:MD_Metadata.1:referenceSystemInfo.1:referenceSystemIdentifier.1:code.1', 'EPSG:4326');
INSERT INTO "Storage"."TextValues" ("form", "path", "ordinal", "type", "typeStandard", "id_value", "value") VALUES (15, 'ISO 19115:MD_Metadata:referenceSystemInfo:referenceSystemIdentifier:codeSpace', 1, 'CharacterString', 'ISO 19103', 'ISO 19115:MD_Metadata.1:referenceSystemInfo.1:referenceSystemIdentifier.1:codeSpace.1', 'L101');
INSERT INTO "Storage"."TextValues" ("form", "path", "ordinal", "type", "typeStandard", "id_value", "value") VALUES (15, 'ISO 19115:MD_Metadata:referenceSystemInfo:referenceSystemIdentifier:authority:title', 1, 'CharacterString', 'ISO 19103', 'ISO 19115:MD_Metadata.1:referenceSystemInfo.1:referenceSystemIdentifier.1:authority.1:title.1', 'SeaDataNet geographic co-ordinate reference frames');
INSERT INTO "Storage"."TextValues" ("form", "path", "ordinal", "type", "typeStandard", "id_value", "value") VALUES (15, 'ISO 19115:MD_Metadata:referenceSystemInfo:referenceSystemIdentifier:authority:alternateTitle', 1, 'CharacterString', 'ISO 19103', 'ISO 19115:MD_Metadata.1:referenceSystemInfo.1:referenceSystemIdentifier.1:authority.1:alternateTitle.1', 'L101');
INSERT INTO "Storage"."TextValues" ("form", "path", "ordinal", "type", "typeStandard", "id_value", "value") VALUES (15, 'ISO 19115:MD_Metadata:referenceSystemInfo:referenceSystemIdentifier:authority:edition:href', 1, 'URI', 'ISO 19103', 'ISO 19115:MD_Metadata.1:referenceSystemInfo.1:referenceSystemIdentifier.1:authority.1:edition.1:href.1', 'SDN:C371:1:2');
INSERT INTO "Storage"."TextValues" ("form", "path", "ordinal", "type", "typeStandard", "id_value", "value") VALUES (15, 'ISO 19115:MD_Metadata:referenceSystemInfo:referenceSystemIdentifier:authority:edition:value', 1, 'CharacterString', 'ISO 19103', 'ISO 19115:MD_Metadata.1:referenceSystemInfo.1:referenceSystemIdentifier.1:authority.1:edition.1:.value.1', '2');
INSERT INTO "Storage"."TextValues" ("form", "path", "ordinal", "type", "typeStandard", "id_value", "value") VALUES (15, 'ISO 19115:MD_Metadata:referenceSystemInfo:referenceSystemIdentifier:authority:identifier:code', 1, 'CharacterString', 'ISO 19103', 'ISO 19115:MD_Metadata.1:referenceSystemInfo.1:referenceSystemIdentifier.1:authority.1:identifier.1:code.1', 'http://www.seadatanet.org/urnurl/');
INSERT INTO "Storage"."TextValues" ("form", "path", "ordinal", "type", "typeStandard", "id_value", "value") VALUES (15, 'ISO 19115:MD_Metadata:identificationInfo:language', 1, 'LanguageCode', 'ISO 19115', 'ISO 19115:MD_Metadata.1:identificationInfo.1:language.1', 'eng');
INSERT INTO "Storage"."TextValues" ("form", "path", "ordinal", "type", "typeStandard", "id_value", "value") VALUES (15, 'ISO 19115:MD_Metadata:identificationInfo:topicCategory', 1, 'MD_TopicCategoryCode', 'ISO 19115', 'ISO 19115:MD_Metadata.1:identificationInfo.1:topicCategory.1', '14');
INSERT INTO "Storage"."TextValues" ("form", "path", "ordinal", "type", "typeStandard", "id_value", "value") VALUES (15, 'ISO 19115:MD_Metadata:identificationInfo:extent:geographicElement2:extentTypeCode', 1, 'Boolean', 'ISO 19103', 'ISO 19115:MD_Metadata.1:identificationInfo.1:extent.1:geographicElement2.1:extentTypeCode.1', 'true');
INSERT INTO "Storage"."TextValues" ("form", "path", "ordinal", "type", "typeStandard", "id_value", "value") VALUES (15, 'ISO 19115:MD_Metadata:identificationInfo:extent:geographicElement2:westBoundLongitude', 1, 'Real', 'ISO 19103', 'ISO 19115:MD_Metadata.1:identificationInfo.1:extent.1:geographicElement2.1:westBoundLongitude.1', '1.1667');
INSERT INTO "Storage"."TextValues" ("form", "path", "ordinal", "type", "typeStandard", "id_value", "value") VALUES (15, 'ISO 19115:MD_Metadata:identificationInfo:extent:geographicElement2:eastBoundLongitude', 1, 'Real', 'ISO 19103', 'ISO 19115:MD_Metadata.1:identificationInfo.1:extent.1:geographicElement2.1:eastBoundLongitude.1', '1.1667');
INSERT INTO "Storage"."TextValues" ("form", "path", "ordinal", "type", "typeStandard", "id_value", "value") VALUES (15, 'ISO 19115:MD_Metadata:identificationInfo:extent:geographicElement2:southBoundLatitude', 1, 'Real', 'ISO 19103', 'ISO 19115:MD_Metadata.1:identificationInfo.1:extent.1:geographicElement2.1:southBoundLatitude.1', '36.6');
INSERT INTO "Storage"."TextValues" ("form", "path", "ordinal", "type", "typeStandard", "id_value", "value") VALUES (15, 'ISO 19115:MD_Metadata:identificationInfo:extent:geographicElement2:northBoundLatitude', 1, 'Real', 'ISO 19103', 'ISO 19115:MD_Metadata.1:identificationInfo.1:extent.1:geographicElement2.1:northBoundLatitude.1', '36.6');
INSERT INTO "Storage"."TextValues" ("form", "path", "ordinal", "type", "typeStandard", "id_value", "value") VALUES (15, 'ISO 19115:MD_Metadata:identificationInfo:extent:temporalElement:extent:beginPosition', 1, 'Date', 'ISO 19103', 'ISO 19115:MD_Metadata.1:identificationInfo.1:extent.1:temporalElement.1:extent.1:beginPosition.1', '1990-06-05T00:00:00+02:00');
INSERT INTO "Storage"."TextValues" ("form", "path", "ordinal", "type", "typeStandard", "id_value", "value") VALUES (15, 'ISO 19115:MD_Metadata:identificationInfo:extent:temporalElement:extent:endPosition', 1, 'Date', 'ISO 19103', 'ISO 19115:MD_Metadata.1:identificationInfo.1:extent.1:temporalElement.1:extent.1:endPosition.1', '1990-07-02T00:00:00+02:00');
INSERT INTO "Storage"."TextValues" ("form", "path", "ordinal", "type", "typeStandard", "id_value", "value") VALUES (15, 'ISO 19115:MD_Metadata:identificationInfo:extent:verticalElement:verticalCRS:identifier:code', 1, 'CharacterString', 'ISO 19103', 'ISO 19115:MD_Metadata.1:identificationInfo.1:extent.1:verticalElement.1:verticalCRS.1:identifier.1:code.1', 'idvertCRS');
INSERT INTO "Storage"."TextValues" ("form", "path", "ordinal", "type", "typeStandard", "id_value", "value") VALUES (15, 'ISO 19115:MD_Metadata:identificationInfo:extent:verticalElement:verticalCRS:verticalCSProperty:identifier:code', 1, 'CharacterString', 'ISO 19103', 'ISO 19115:MD_Metadata.1:identificationInfo.1:extent.1:verticalElement.1:verticalCRS.1:verticalCSProperty.1:identifier.1:code.1', 'meters');
INSERT INTO "Storage"."TextValues" ("form", "path", "ordinal", "type", "typeStandard", "id_value", "value") VALUES (15, 'ISO 19115:MD_Metadata:identificationInfo:extent:verticalElement:verticalCRS:verticalCSProperty:axis:identifier:code', 1, 'CharacterString', 'ISO 19103', 'ISO 19115:MD_Metadata.1:identificationInfo.1:extent.1:verticalElement.1:verticalCRS.1:verticalCSProperty.1:axis.1:identifier.1:code.1', 'meters');
INSERT INTO "Storage"."TextValues" ("form", "path", "ordinal", "type", "typeStandard", "id_value", "value") VALUES (15, 'ISO 19115:MD_Metadata:identificationInfo:extent:verticalElement:verticalCRS:verticalCSProperty:axis:axisAbbrev', 1, 'CharacterString', 'ISO 19103', 'ISO 19115:MD_Metadata.1:identificationInfo.1:extent.1:verticalElement.1:verticalCRS.1:verticalCSProperty.1:axis.1:axisAbbrev.1', 'meters');
INSERT INTO "Storage"."TextValues" ("form", "path", "ordinal", "type", "typeStandard", "id_value", "value") VALUES (15, 'ISO 19115:MD_Metadata:identificationInfo:extent:verticalElement:verticalCRS:verticalCSProperty:axis:axisDirection', 1, 'AxisDirection', 'ISO 19108', 'ISO 19115:MD_Metadata.1:identificationInfo.1:extent.1:verticalElement.1:verticalCRS.1:verticalCSProperty.1:axis.1:axisDirection.1', '2');
INSERT INTO "Storage"."TextValues" ("form", "path", "ordinal", "type", "typeStandard", "id_value", "value") VALUES (15, 'ISO 19115:MD_Metadata:identificationInfo:extent:verticalElement:verticalCRS:verticalCSProperty:axis:uom', 1, 'CharacterString', 'ISO 19103', 'ISO 19115:MD_Metadata.1:identificationInfo.1:extent.1:verticalElement.1:verticalCRS.1:verticalCSProperty.1:axis.1:uom.1', 'm');
INSERT INTO "Storage"."TextValues" ("form", "path", "ordinal", "type", "typeStandard", "id_value", "value") VALUES (15, 'ISO 19115:MD_Metadata:identificationInfo:extent:verticalElement:verticalCRS:verticalDatumProperty:identifier:code', 1, 'CharacterString', 'ISO 19103', 'ISO 19115:MD_Metadata.1:identificationInfo.1:extent.1:verticalElement.1:verticalCRS.1:verticalDatumProperty.1:identifier.1:code.1', 'D28');
INSERT INTO "Storage"."TextValues" ("form", "path", "ordinal", "type", "typeStandard", "id_value", "value") VALUES (15, 'ISO 19115:MD_Metadata:identificationInfo:citation:title', 1, 'CharacterString', 'ISO 19103', 'ISO 19115:MD_Metadata.1:identificationInfo.1:citation.1:title.1', 'protected vectors');
INSERT INTO "Storage"."TextValues" ("form", "path", "ordinal", "type", "typeStandard", "id_value", "value") VALUES (15, 'ISO 19115:MD_Metadata:identificationInfo:citation:alternateTitle', 1, 'CharacterString', 'ISO 19103', 'ISO 19115:MD_Metadata.1:identificationInfo.1:citation.1:alternateTitle.1', '42292_5p_19900609195600');
INSERT INTO "Storage"."TextValues" ("form", "path", "ordinal", "type", "typeStandard", "id_value", "value") VALUES (15, 'ISO 19115:MD_Metadata:identificationInfo:citation:date:date', 1, 'Date', 'ISO 19103', 'ISO 19115:MD_Metadata.1:identificationInfo.1:citation.1:date.1:date.1', '1990-06-05T00:00:00+02:00');
INSERT INTO "Storage"."TextValues" ("form", "path", "ordinal", "type", "typeStandard", "id_value", "value") VALUES (15, 'ISO 19115:MD_Metadata:identificationInfo:citation:date:dateType', 1, 'CI_DateTypeCode', 'ISO 19115', 'ISO 19115:MD_Metadata.1:identificationInfo.1:citation.1:date.1:dateType.1', '3');
INSERT INTO "Storage"."TextValues" ("form", "path", "ordinal", "type", "typeStandard", "id_value", "value") VALUES (15, 'ISO 19115:MD_Metadata:identificationInfo:citation:citedResponsibleParty:organisationName', 1, 'CharacterString', 'ISO 19103', 'ISO 19115:MD_Metadata.1:identificationInfo.1:citation.1:citedResponsibleParty.1:organisationName.1', 'UNIVERSITE DE LA MEDITERRANNEE (U2) / COM - LAB. OCEANOG. BIOGEOCHIMIE - LUMINY');
INSERT INTO "Storage"."TextValues" ("form", "path", "ordinal", "type", "typeStandard", "id_value", "value") VALUES (15, 'ISO 19115:MD_Metadata:identificationInfo:citation:citedResponsibleParty:contactInfo:phone:voice', 1, 'CharacterString', 'ISO 19103', 'ISO 19115:MD_Metadata.1:identificationInfo.1:citation.1:citedResponsibleParty.1:contactInfo.1:phone.1:voice.1', '+33(0)4 91 82 91 15');
INSERT INTO "Storage"."TextValues" ("form", "path", "ordinal", "type", "typeStandard", "id_value", "value") VALUES (15, 'ISO 19115:MD_Metadata:identificationInfo:citation:citedResponsibleParty:contactInfo:phone:facsimile', 1, 'CharacterString', 'ISO 19103', 'ISO 19115:MD_Metadata.1:identificationInfo.1:citation.1:citedResponsibleParty.1:contactInfo.1:phone.1:facsimile.1', '+33(0)4 91.82.65.48');
INSERT INTO "Storage"."TextValues" ("form", "path", "ordinal", "type", "typeStandard", "id_value", "value") VALUES (15, 'ISO 19115:MD_Metadata:identificationInfo:citation:citedResponsibleParty:contactInfo:address:deliveryPoint', 1, 'CharacterString', 'ISO 19103', 'ISO 19115:MD_Metadata.1:identificationInfo.1:citation.1:citedResponsibleParty.1:contactInfo.1:address.1:deliveryPoint.1', 'UFR Centre Oceanologique de Marseille Campus de Luminy Case 901');
INSERT INTO "Storage"."TextValues" ("form", "path", "ordinal", "type", "typeStandard", "id_value", "value") VALUES (15, 'ISO 19115:MD_Metadata:identificationInfo:citation:citedResponsibleParty:contactInfo:address:city', 1, 'CharacterString', 'ISO 19103', 'ISO 19115:MD_Metadata.1:identificationInfo.1:citation.1:citedResponsibleParty.1:contactInfo.1:address.1:city.1', 'Marseille cedex 9');
INSERT INTO "Storage"."TextValues" ("form", "path", "ordinal", "type", "typeStandard", "id_value", "value") VALUES (15, 'ISO 19115:MD_Metadata:identificationInfo:citation:citedResponsibleParty:contactInfo:address:postalCode', 1, 'CharacterString', 'ISO 19103', 'ISO 19115:MD_Metadata.1:identificationInfo.1:citation.1:citedResponsibleParty.1:contactInfo.1:address.1:postalCode.1', '13288');
INSERT INTO "Storage"."TextValues" ("form", "path", "ordinal", "type", "typeStandard", "id_value", "value") VALUES (15, 'ISO 19115:MD_Metadata:identificationInfo:citation:citedResponsibleParty:contactInfo:address:country:value', 1, 'CharacterString', 'ISO 19103', 'ISO 19115:MD_Metadata.1:identificationInfo.1:citation.1:citedResponsibleParty.1:contactInfo.1:address.1:country.1:value.1', 'France');
INSERT INTO "Storage"."TextValues" ("form", "path", "ordinal", "type", "typeStandard", "id_value", "value") VALUES (15, 'ISO 19115:MD_Metadata:identificationInfo:citation:citedResponsibleParty:contactInfo:address:country:href', 1, 'URI', 'ISO 19103', 'ISO 19115:MD_Metadata.1:identificationInfo.1:citation.1:citedResponsibleParty.1:contactInfo.1:address.1:country.1:href.1', 'SDN:C320:2:FR');
INSERT INTO "Storage"."TextValues" ("form", "path", "ordinal", "type", "typeStandard", "id_value", "value") VALUES (15, 'ISO 19115:MD_Metadata:identificationInfo:citation:citedResponsibleParty:contactInfo:onlineResource:linkage', 1, 'URI', 'ISO 19103', 'ISO 19115:MD_Metadata.1:identificationInfo.1:citation.1:citedResponsibleParty.1:contactInfo.1:onlineResource.1:linkage.1', 'http://www.com.univ-mrs.fr/LOB/');
INSERT INTO "Storage"."TextValues" ("form", "path", "ordinal", "type", "typeStandard", "id_value", "value") VALUES (15, 'ISO 19115:MD_Metadata:identificationInfo:citation:citedResponsibleParty:contactInfo:onlineResource:protocol', 1, 'CharacterString', 'ISO 19103', 'ISO 19115:MD_Metadata.1:identificationInfo.1:citation.1:citedResponsibleParty.1:contactInfo.1:onlineResource.1:protocol.1', 'http');
INSERT INTO "Storage"."TextValues" ("form", "path", "ordinal", "type", "typeStandard", "id_value", "value") VALUES (15, 'ISO 19115:MD_Metadata:identificationInfo:citation:citedResponsibleParty:role', 1, 'CI_RoleCode', 'ISO 19115', 'ISO 19115:MD_Metadata.1:identificationInfo.1:citation.1:citedResponsibleParty.1:role.1', '6');
INSERT INTO "Storage"."TextValues" ("form", "path", "ordinal", "type", "typeStandard", "id_value", "value") VALUES (15, 'ISO 19115:MD_Metadata:identificationInfo:abstract', 1, 'CharacterString', 'ISO 19103', 'ISO 19115:MD_Metadata.1:identificationInfo.1:abstract.1', 'Donnees CTD NEDIPROD VI 120');
INSERT INTO "Storage"."TextValues" ("form", "path", "ordinal", "type", "typeStandard", "id_value", "value") VALUES (15, 'ISO 19115:MD_Metadata:identificationInfo:pointOfContact:organisationName', 1, 'CharacterString', 'ISO 19103', 'ISO 19115:MD_Metadata.1:identificationInfo.1:pointOfContact.1:organisationName.1', 'IFREMER / IDM/SISMER');
INSERT INTO "Storage"."TextValues" ("form", "path", "ordinal", "type", "typeStandard", "id_value", "value") VALUES (15, 'ISO 19115:MD_Metadata:identificationInfo:pointOfContact:role', 1, 'CI_RoleCode', 'ISO 19115', 'ISO 19115:MD_Metadata.1:identificationInfo.1:pointOfContact.1:role.1', '2');
INSERT INTO "Storage"."TextValues" ("form", "path", "ordinal", "type", "typeStandard", "id_value", "value") VALUES (15, 'ISO 19115:MD_Metadata:identificationInfo:descriptiveKeywords:keyword:href', 1, 'URI', 'ISO 19103', 'ISO 19115:MD_Metadata.1:identificationInfo.1:descriptiveKeywords.1:keyword.1:href.1', 'SDN:P021:35:ATTN');
INSERT INTO "Storage"."TextValues" ("form", "path", "ordinal", "type", "typeStandard", "id_value", "value") VALUES (15, 'ISO 19115:MD_Metadata:identificationInfo:descriptiveKeywords:keyword:value', 1, 'CharacterString', 'ISO 19103', 'ISO 19115:MD_Metadata.1:identificationInfo.1:descriptiveKeywords.1:keyword.1:value.1', 'Transmittance and attenuance of the water column');
INSERT INTO "Storage"."TextValues" ("form", "path", "ordinal", "type", "typeStandard", "id_value", "value") VALUES (15, 'ISO 19115:MD_Metadata:identificationInfo:descriptiveKeywords:Type', 1, 'MD_KeywordTypeCode', 'ISO 19115', 'ISO 19115:MD_Metadata.1:identificationInfo.1:descriptiveKeywords.1:Type.1', '6');
INSERT INTO "Storage"."TextValues" ("form", "path", "ordinal", "type", "typeStandard", "id_value", "value") VALUES (15, 'ISO 19115:MD_Metadata:identificationInfo:descriptiveKeywords:ThesaurusName:title', 1, 'CharacterString', 'ISO 19103', 'ISO 19115:MD_Metadata.1:identificationInfo.1:descriptiveKeywords.1:ThesaurusName.1:title.1', 'BODC Parameter Discovery Vocabulary');
INSERT INTO "Storage"."TextValues" ("form", "path", "ordinal", "type", "typeStandard", "id_value", "value") VALUES (15, 'ISO 19115:MD_Metadata:identificationInfo:descriptiveKeywords:ThesaurusName:alternateTitle', 1, 'CharacterString', 'ISO 19103', 'ISO 19115:MD_Metadata.1:identificationInfo.1:descriptiveKeywords.1:ThesaurusName.1:alternateTitle.1', 'P021');
INSERT INTO "Storage"."TextValues" ("form", "path", "ordinal", "type", "typeStandard", "id_value", "value") VALUES (15, 'ISO 19115:MD_Metadata:identificationInfo:descriptiveKeywords:ThesaurusName:date:date', 1, 'Date', 'ISO 19103', 'ISO 19115:MD_Metadata.1:identificationInfo.1:descriptiveKeywords.1:ThesaurusName.1:date.1:date.1', '2008-11-26T00:00:00+01:00');
INSERT INTO "Storage"."TextValues" ("form", "path", "ordinal", "type", "typeStandard", "id_value", "value") VALUES (15, 'ISO 19115:MD_Metadata:identificationInfo:descriptiveKeywords:ThesaurusName:date:dateType', 1, 'CI_DateTypeCode', 'ISO 19115', 'ISO 19115:MD_Metadata.1:identificationInfo.1:descriptiveKeywords.1:ThesaurusName.1:date.1:dateType.1', '3');
INSERT INTO "Storage"."TextValues" ("form", "path", "ordinal", "type", "typeStandard", "id_value", "value") VALUES (15, 'ISO 19115:MD_Metadata:identificationInfo:descriptiveKeywords:ThesaurusName:edition:href', 1, 'URI', 'ISO 19103', 'ISO 19115:MD_Metadata.1:identificationInfo.1:descriptiveKeywords.1:ThesaurusName.1:edition.1:href.1', 'SDN:C371:1:35');
INSERT INTO "Storage"."TextValues" ("form", "path", "ordinal", "type", "typeStandard", "id_value", "value") VALUES (15, 'ISO 19115:MD_Metadata:identificationInfo:descriptiveKeywords:ThesaurusName:edition:value', 1, 'CharacterString', 'ISO 19103', 'ISO 19115:MD_Metadata.1:identificationInfo.1:descriptiveKeywords.1:ThesaurusName.1:edition.1:value.1', '35');
INSERT INTO "Storage"."TextValues" ("form", "path", "ordinal", "type", "typeStandard", "id_value", "value") VALUES (15, 'ISO 19115:MD_Metadata:identificationInfo:descriptiveKeywords:ThesaurusName:identifier:code', 1, 'CharacterString', 'ISO 19103', 'ISO 19115:MD_Metadata.1:identificationInfo.1:descriptiveKeywords.1:ThesaurusName.1:identifier.1:code.1', 'http://www.seadatanet.org/urnurl/');
INSERT INTO "Storage"."TextValues" ("form", "path", "ordinal", "type", "typeStandard", "id_value", "value") VALUES (15, 'ISO 19115:MD_Metadata:identificationInfo:resourceConstraints:accessConstraints', 1, 'MD_RestrictionCode', 'ISO 19115', 'ISO 19115:MD_Metadata.1:identificationInfo.1:resourceConstraints.1:accessConstraints.1', '5');
INSERT INTO "Storage"."TextValues" ("form", "path", "ordinal", "type", "typeStandard", "id_value", "value") VALUES (15, 'ISO 19115:MD_Metadata:identificationInfo:aggregationInfo:aggregateDataSetName:title', 1, 'CharacterString', 'ISO 19103', 'ISO 19115:MD_Metadata.1:identificationInfo.1:aggregationInfo.1:aggregateDataSetName.1:title.1', 'MEDIPROD VI');
INSERT INTO "Storage"."TextValues" ("form", "path", "ordinal", "type", "typeStandard", "id_value", "value") VALUES (15, 'ISO 19115:MD_Metadata:identificationInfo:aggregationInfo:associationType', 1, 'DS_AssociationTypeCode', 'ISO 19115', 'ISO 19115:MD_Metadata.1:identificationInfo.1:aggregationInfo.1:associationType.1', '2');
INSERT INTO "Storage"."TextValues" ("form", "path", "ordinal", "type", "typeStandard", "id_value", "value") VALUES (15, 'ISO 19115:MD_Metadata:identificationInfo:aggregationInfo:initiativeType', 1, 'DS_InitiativeTypeCode', 'ISO 19115', 'ISO 19115:MD_Metadata.1:identificationInfo.1:aggregationInfo.1:initiativeType.1', '1');
INSERT INTO "Storage"."TextValues" ("form", "path", "ordinal", "type", "typeStandard", "id_value", "value") VALUES (15, 'ISO 19115:MD_Metadata:identificationInfo:aggregationInfo:aggregateDataSetName:alternateTitle', 1, 'CharacterString', 'ISO 19103', 'ISO 19115:MD_Metadata.1:identificationInfo.1:aggregationInfo.1:aggregateDataSetName.1:alternateTitle.1', '90008411');
INSERT INTO "Storage"."TextValues" ("form", "path", "ordinal", "type", "typeStandard", "id_value", "value") VALUES (15, 'ISO 19115:MD_Metadata:dataQualityInfo:scope:level', 1, 'MD_ScopeCode', 'ISO 19115', 'ISO 19115:MD_Metadata.1:dataQualityInfo.1:scope.1:level.1', '5');
INSERT INTO "Storage"."TextValues" ("form", "path", "ordinal", "type", "typeStandard", "id_value", "value") VALUES (15, 'ISO 19115:MD_Metadata:dataQualityInfo:lineage:statement', 1, 'CharacterString', 'ISO 19103', 'ISO 19115:MD_Metadata.1:dataQualityInfo.1:lineage.1:statement.1', 'phot du soleil');
INSERT INTO "Storage"."TextValues" ("form", "path", "ordinal", "type", "typeStandard", "id_value", "value") VALUES (15, 'ISO 19115:MD_Metadata:dataQualityInfo:report:nameOfMeasure', 1, 'CharacterString', 'ISO 19103', 'ISO 19115:MD_Metadata.1:dataQualityInfo.1:report.1:nameOfMeasure.1', 'Rate of missing items');
INSERT INTO "Storage"."TextValues" ("form", "path", "ordinal", "type", "typeStandard", "id_value", "value") VALUES (15, 'ISO 19115:MD_Metadata:dataQualityInfo:report:nameOfMeasure', 1, 'CharacterString', 'ISO 19103', 'ISO 19115:MD_Metadata.1:dataQualityInfo.1:report.2:nameOfMeasure.1', 'Two-dimensional random variable X and Y');
INSERT INTO "Storage"."TextValues" ("form", "path", "ordinal", "type", "typeStandard", "id_value", "value") VALUES (15, 'ISO 19115:MD_Metadata:distributionInfo:distributionFormat:name:href', 1, 'URI', 'ISO 19103', 'ISO 19115:MD_Metadata.1:distributionInfo.1:distributionFormat.1:name.1:href.1', 'SDN:L241:1:MEDATLAS');
INSERT INTO "Storage"."TextValues" ("form", "path", "ordinal", "type", "typeStandard", "id_value", "value") VALUES (15, 'ISO 19115:MD_Metadata:distributionInfo:distributionFormat:name:value', 1, 'CharacterString', 'ISO 19103', 'ISO 19115:MD_Metadata.1:distributionInfo.1:distributionFormat.1:name.1:value.1', 'MEDATLAS ASCII');
INSERT INTO "Storage"."TextValues" ("form", "path", "ordinal", "type", "typeStandard", "id_value", "value") VALUES (15, 'ISO 19115:MD_Metadata:distributionInfo:distributionFormat:version', 1, 'CharacterString', 'ISO 19103', 'ISO 19115:MD_Metadata.1:distributionInfo.1:distributionFormat.1:version.1', '1.0');
INSERT INTO "Storage"."TextValues" ("form", "path", "ordinal", "type", "typeStandard", "id_value", "value") VALUES (15, 'ISO 19115:MD_Metadata:distributionInfo:distributor:distributorContact:organisationName', 1, 'CharacterString', 'ISO 19103', 'ISO 19115:MD_Metadata.1:distributionInfo.1:distributor.1:distributorContact.1:organisationName.1', 'IFREMER / IDM/SISMER');
INSERT INTO "Storage"."TextValues" ("form", "path", "ordinal", "type", "typeStandard", "id_value", "value") VALUES (15, 'ISO 19115:MD_Metadata:distributionInfo:distributor:distributorContact:role', 1, 'CI_RoleCode', 'ISO 19115', 'ISO 19115:MD_Metadata.1:distributionInfo.1:distributor.1:distributorContact.1:role.1', '5');
INSERT INTO "Storage"."TextValues" ("form", "path", "ordinal", "type", "typeStandard", "id_value", "value") VALUES (15, 'ISO 19115:MD_Metadata:distributionInfo:transferOptions:transferSize', 1, 'Real', 'ISO 19103', 'ISO 19115:MD_Metadata.1:distributionInfo.1:transferOptions.1:transferSize.1', '2.431640625');
INSERT INTO "Storage"."TextValues" ("form", "path", "ordinal", "type", "typeStandard", "id_value", "value") VALUES (15, 'ISO 19115:MD_Metadata:distributionInfo:transferOptions:onLine:linkage', 1, 'URI', 'ISO 19103', 'ISO 19115:MD_Metadata.1:distributionInfo.1:transferOptions.1:onLine.1:linkage.1', 'http://www.ifremer.fr/sismerData/jsp/visualisationMetadata3.jsp?langue=EN&pageOrigine=CS&cle1=42292_1&cle2=CTDF02');
INSERT INTO "Storage"."TextValues" ("form", "path", "ordinal", "type", "typeStandard", "id_value", "value") VALUES (15, 'ISO 19115:MD_Metadata:distributionInfo:transferOptions:onLine:protocol', 1, 'CharacterString', 'ISO 19103', 'ISO 19115:MD_Metadata.1:distributionInfo.1:transferOptions.1:onLine.1:protocol.1', 'http');
INSERT INTO "Storage"."TextValues" ("form", "path", "ordinal", "type", "typeStandard", "id_value", "value") VALUES (15, 'ISO 19115:MD_Metadata:distributionInfo:transferOptions:onLine:description', 1, 'CharacterString', 'ISO 19103', 'ISO 19115:MD_Metadata.1:distributionInfo.1:transferOptions.1:onLine.1:description.1', 'CTDF02');
INSERT INTO "Storage"."TextValues" ("form", "path", "ordinal", "type", "typeStandard", "id_value", "value") VALUES (15, 'ISO 19115:MD_Metadata:distributionInfo:transferOptions:onLine:function', 1, 'CI_OnLineFunctionCode', 'ISO 19115', 'ISO 19115:MD_Metadata.1:distributionInfo.1:transferOptions.1:onLine.1:function.1', '1');

INSERT INTO "Storage"."LinkedValues" ("form", "path", "ordinal", "type", "typeStandard", "id_value", "linkedForm", "linkedPath") VALUES (15, 'ISO 19115:MD_Metadata:identificationInfo:pointOfContact:contactInfo', 1, 'CI_Contact', 'ISO 19115', 'ISO 19115:MD_Metadata.1:identificationInfo.1:pointOfContact.1:contactInfo.1', 15, 'ISO 19115:MD_Metadata.1:contact.1:contactInfo.1');
INSERT INTO "Storage"."LinkedValues" ("form", "path", "ordinal", "type", "typeStandard", "id_value", "linkedForm", "linkedPath") VALUES (15, 'ISO 19115:MD_Metadata:identificationInfo:aggregationInfo:aggregateDataSetName:date', 1, 'CI_Date', 'ISO 19115', 'ISO 19115:MD_Metadata.1:identificationInfo.1:aggregationInfo.1:aggregateDataSetName.1:date.1', 15, 'ISO 19115:MD_Metadata.1:identificationInfo.1:citation.1:date.1');
INSERT INTO "Storage"."LinkedValues" ("form", "path", "ordinal", "type", "typeStandard", "id_value", "linkedForm", "linkedPath") VALUES (15, 'ISO 19115:MD_Metadata:distributionInfo:distributor:distributorContact:contactInfo', 1, 'CI_Contact', 'ISO 19115', 'ISO 19115:MD_Metadata.1:distributionInfo.1:distributor.1:distributorContact.1:contactInfo.1', 15, 'ISO 19115:MD_Metadata.1:contact.1:contactInfo.1');


INSERT INTO "Storage"."Forms" ("identifier", "catalog", "title", "inputLogin", "validationLogin", "profile", "updateDate", "isValidated", "isPublished", "type") VALUES (16, 'CSWCat', 'fra data', 'admin', NULL, 'ISO_19115', '2009-08-27', 1, 1, 'NORMALFORM');


INSERT INTO "Storage"."Values" ("form", "path", "ordinal", "type", "typeStandard", "id_value") VALUES (16, 'ISO 19115:MD_Metadata', 1, 'MD_Metadata', 'ISO 19115', 'ISO 19115:MD_Metadata.1');
INSERT INTO "Storage"."Values" ("form", "path", "ordinal", "type", "typeStandard", "id_value") VALUES (16, 'ISO 19115:MD_Metadata:contact', 1, 'CI_ResponsibleParty', 'ISO 19115', 'ISO 19115:MD_Metadata.1:contact.1');
INSERT INTO "Storage"."Values" ("form", "path", "ordinal", "type", "typeStandard", "id_value") VALUES (16, 'ISO 19115:MD_Metadata:referenceSystemInfo', 1, 'FRA_DirectReferenceSystem', 'ISO 19115 FRA 1.0', 'ISO 19115:MD_Metadata.1:referenceSystemInfo.1');
INSERT INTO "Storage"."Values" ("form", "path", "ordinal", "type", "typeStandard", "id_value") VALUES (16, 'ISO 19115:MD_Metadata:referenceSystemInfo:referenceSystemIdentifier', 1, 'RS_Identifier', 'ISO 19115', 'ISO 19115:MD_Metadata.1:referenceSystemInfo.1:referenceSystemIdentifier.1');
INSERT INTO "Storage"."Values" ("form", "path", "ordinal", "type", "typeStandard", "id_value") VALUES (16, 'ISO 19115:MD_Metadata:identificationInfo', 1, 'FRA_DataIdentification', 'ISO 19115 FRA 1.0', 'ISO 19115:MD_Metadata.1:identificationInfo.1');
INSERT INTO "Storage"."Values" ("form", "path", "ordinal", "type", "typeStandard", "id_value") VALUES (16, 'ISO 19115:MD_Metadata:identificationInfo:extent', 1, 'EX_Extent', 'ISO 19115', 'ISO 19115:MD_Metadata.1:identificationInfo.1:extent.1');
INSERT INTO "Storage"."Values" ("form", "path", "ordinal", "type", "typeStandard", "id_value") VALUES (16, 'ISO 19115:MD_Metadata:identificationInfo:extent:geographicElement2', 1, 'EX_GeographicBoundingBox', 'ISO 19115', 'ISO 19115:MD_Metadata.1:identificationInfo.1:extent.1:geographicElement2.1');
INSERT INTO "Storage"."Values" ("form", "path", "ordinal", "type", "typeStandard", "id_value") VALUES (16, 'ISO 19115:MD_Metadata:identificationInfo:citation', 1, 'CI_Citation', 'ISO 19115', 'ISO 19115:MD_Metadata.1:identificationInfo.1:citation.1');
INSERT INTO "Storage"."Values" ("form", "path", "ordinal", "type", "typeStandard", "id_value") VALUES (16, 'ISO 19115:MD_Metadata:identificationInfo:citation:date', 1, 'CI_Date', 'ISO 19115', 'ISO 19115:MD_Metadata.1:identificationInfo.1:citation.1:date.1');
INSERT INTO "Storage"."Values" ("form", "path", "ordinal", "type", "typeStandard", "id_value") VALUES (16, 'ISO 19115:MD_Metadata:identificationInfo:citation:citedResponsibleParty', 1, 'CI_ResponsibleParty', 'ISO 19115', 'ISO 19115:MD_Metadata.1:identificationInfo.1:citation.1:citedResponsibleParty.1');
INSERT INTO "Storage"."Values" ("form", "path", "ordinal", "type", "typeStandard", "id_value") VALUES (16, 'ISO 19115:MD_Metadata:identificationInfo:resourceConstraints', 1, 'FRA_LegalConstraints', 'ISO 19115 FRA 1.0', 'ISO 19115:MD_Metadata.1:identificationInfo.1:resourceConstraints.1');
INSERT INTO "Storage"."Values" ("form", "path", "ordinal", "type", "typeStandard", "id_value") VALUES (16, 'ISO 19115:MD_Metadata:identificationInfo:resourceMaintenance', 1, 'MD_MaintenanceInformation', 'ISO 19115', 'ISO 19115:MD_Metadata.1:identificationInfo.1:resourceMaintenance.1');


INSERT INTO "Storage"."TextValues" ("form", "path", "ordinal", "type", "typeStandard", "id_value", "value") VALUES (16, 'ISO 19115:MD_Metadata:fileIdentifier', 1, 'CharacterString', 'ISO 19103', 'ISO 19115:MD_Metadata.1:fileIdentifier.1', 'MDweb-2064d5c7-80b5-4840-ba3d-4fa4e23be750');
INSERT INTO "Storage"."TextValues" ("form", "path", "ordinal", "type", "typeStandard", "id_value", "value") VALUES (16, 'ISO 19115:MD_Metadata:language', 1, 'LanguageCode', 'ISO 19115', 'ISO 19115:MD_Metadata.1:language.1', 'eng');
INSERT INTO "Storage"."TextValues" ("form", "path", "ordinal", "type", "typeStandard", "id_value", "value") VALUES (16, 'ISO 19115:MD_Metadata:metadataStandardVersion', 1, 'CharacterString', 'ISO 19103', 'ISO 19115:MD_Metadata.1:metadataStandardVersion.1', '2010.04');
INSERT INTO "Storage"."TextValues" ("form", "path", "ordinal", "type", "typeStandard", "id_value", "value") VALUES (16, 'ISO 19115:MD_Metadata:metadataStandardName', 1, 'CharacterString', 'ISO 19103', 'ISO 19115:MD_Metadata.1:metadataStandardName.1', 'x-urn:mdweb:schema:ISO19115:FRA:mdweb-base_geo');
INSERT INTO "Storage"."TextValues" ("form", "path", "ordinal", "type", "typeStandard", "id_value", "value") VALUES (16, 'ISO 19115:MD_Metadata:contact:organisationName', 1, 'CharacterString', 'ISO 19103', 'ISO 19115:MD_Metadata.1:contact.1:organisationName.1', 'suna-corp');
INSERT INTO "Storage"."TextValues" ("form", "path", "ordinal", "type", "typeStandard", "id_value", "value") VALUES (16, 'ISO 19115:MD_Metadata:contact:role', 1, 'CI_RoleCode', 'ISO 19115', 'ISO 19115:MD_Metadata.1:contact.1:role.1', '7');
INSERT INTO "Storage"."TextValues" ("form", "path", "ordinal", "type", "typeStandard", "id_value", "value") VALUES (16, 'ISO 19115:MD_Metadata:dateStamp', 1, 'Date', 'ISO 19103', 'ISO 19115:MD_Metadata.1:dateStamp.1', '2010-05-03T00:00:00+02:00');
INSERT INTO "Storage"."TextValues" ("form", "path", "ordinal", "type", "typeStandard", "id_value", "value") VALUES (16, 'ISO 19115:MD_Metadata:referenceSystemInfo:referenceSystemIdentifier:code', 1, 'CharacterString', 'ISO 19103', 'ISO 19115:MD_Metadata.1:referenceSystemInfo.1:referenceSystemIdentifier.1:code.1', '666-999');
INSERT INTO "Storage"."TextValues" ("form", "path", "ordinal", "type", "typeStandard", "id_value", "value") VALUES (16, 'ISO 19115:MD_Metadata:identificationInfo:extent:geographicElement2:westBoundLongitude', 1, 'Real', 'ISO 19103', 'ISO 19115:MD_Metadata.1:identificationInfo.1:extent.1:geographicElement2.1:westBoundLongitude.1', '-180');
INSERT INTO "Storage"."TextValues" ("form", "path", "ordinal", "type", "typeStandard", "id_value", "value") VALUES (16, 'ISO 19115:MD_Metadata:identificationInfo:extent:geographicElement2:eastBoundLongitude', 1, 'Real', 'ISO 19103', 'ISO 19115:MD_Metadata.1:identificationInfo.1:extent.1:geographicElement2.1:eastBoundLongitude.1', '180');
INSERT INTO "Storage"."TextValues" ("form", "path", "ordinal", "type", "typeStandard", "id_value", "value") VALUES (16, 'ISO 19115:MD_Metadata:identificationInfo:extent:geographicElement2:southBoundLatitude', 1, 'Real', 'ISO 19103', 'ISO 19115:MD_Metadata.1:identificationInfo.1:extent.1:geographicElement2.1:southBoundLatitude.1', '-90');
INSERT INTO "Storage"."TextValues" ("form", "path", "ordinal", "type", "typeStandard", "id_value", "value") VALUES (16, 'ISO 19115:MD_Metadata:identificationInfo:extent:geographicElement2:northBoundLatitude', 1, 'Real', 'ISO 19103', 'ISO 19115:MD_Metadata.1:identificationInfo.1:extent.1:geographicElement2.1:northBoundLatitude.1', '90');
INSERT INTO "Storage"."TextValues" ("form", "path", "ordinal", "type", "typeStandard", "id_value", "value") VALUES (16, 'ISO 19115:MD_Metadata:identificationInfo:citation:title', 1, 'CharacterString', 'ISO 19103', 'ISO 19115:MD_Metadata.1:identificationInfo.1:citation.1:title.1', 'mauth');
INSERT INTO "Storage"."TextValues" ("form", "path", "ordinal", "type", "typeStandard", "id_value", "value") VALUES (16, 'ISO 19115:MD_Metadata:identificationInfo:citation:date:date', 1, 'Date', 'ISO 19103', 'ISO 19115:MD_Metadata.1:identificationInfo.1:citation.1:date.1:date.1', '2010-05-06T00:00:00+02:00');
INSERT INTO "Storage"."TextValues" ("form", "path", "ordinal", "type", "typeStandard", "id_value", "value") VALUES (16, 'ISO 19115:MD_Metadata:identificationInfo:citation:date:dateType', 1, 'CI_DateTypeCode', 'ISO 19115', 'ISO 19115:MD_Metadata.1:identificationInfo.1:citation.1:date.1:dateType.1', '1');
INSERT INTO "Storage"."TextValues" ("form", "path", "ordinal", "type", "typeStandard", "id_value", "value") VALUES (16, 'ISO 19115:MD_Metadata:identificationInfo:citation:citedResponsibleParty:organisationName', 1, 'CharacterString', 'ISO 19103', 'ISO 19115:MD_Metadata.1:identificationInfo.1:citation.1:citedResponsibleParty.1:organisationName.1', 'suna-corp');
INSERT INTO "Storage"."TextValues" ("form", "path", "ordinal", "type", "typeStandard", "id_value", "value") VALUES (16, 'ISO 19115:MD_Metadata:identificationInfo:citation:citedResponsibleParty:role', 1, 'CI_RoleCode', 'ISO 19115', 'ISO 19115:MD_Metadata.1:identificationInfo.1:citation.1:citedResponsibleParty.1:role.1', '3');
INSERT INTO "Storage"."TextValues" ("form", "path", "ordinal", "type", "typeStandard", "id_value", "value") VALUES (16, 'ISO 19115:MD_Metadata:identificationInfo:citation:presentationForm', 1, 'CI_PresentationFormCode', 'ISO 19115', 'ISO 19115:MD_Metadata.1:identificationInfo.1:citation.1:presentationForm.1', '16');
INSERT INTO "Storage"."TextValues" ("form", "path", "ordinal", "type", "typeStandard", "id_value", "value") VALUES (16, 'ISO 19115:MD_Metadata:identificationInfo:resourceConstraints:useLimitation', 1, 'CharacterString', 'ISO 19103', 'ISO 19115:MD_Metadata.1:identificationInfo.1:resourceConstraints.1:useLimitation.1', 'no limitations');
INSERT INTO "Storage"."TextValues" ("form", "path", "ordinal", "type", "typeStandard", "id_value", "value") VALUES (16, 'ISO 19115:MD_Metadata:identificationInfo:resourceConstraints:accessConstraints', 1, 'MD_RestrictionCode', 'ISO 19115', 'ISO 19115:MD_Metadata.1:identificationInfo.1:resourceConstraints.1:accessConstraints.1', '8');
INSERT INTO "Storage"."TextValues" ("form", "path", "ordinal", "type", "typeStandard", "id_value", "value") VALUES (16, 'ISO 19115:MD_Metadata:identificationInfo:resourceConstraints:useConstraints', 1, 'MD_RestrictionCode', 'ISO 19115', 'ISO 19115:MD_Metadata.1:identificationInfo.1:resourceConstraints.1:useConstraints.1', '8');
INSERT INTO "Storage"."TextValues" ("form", "path", "ordinal", "type", "typeStandard", "id_value", "value") VALUES (16, 'ISO 19115:MD_Metadata:identificationInfo:resourceConstraints:otherConstraints', 1, 'CharacterString', 'ISO 19103', 'ISO 19115:MD_Metadata.1:identificationInfo.1:resourceConstraints.1:otherConstraints.1', 'none');
INSERT INTO "Storage"."TextValues" ("form", "path", "ordinal", "type", "typeStandard", "id_value", "value") VALUES (16, 'ISO 19115:MD_Metadata:identificationInfo:resourceMaintenance:maintenanceAndUpdateFrequency', 1, 'MD_MaintenanceFrequencyCode', 'ISO 19115', 'ISO 19115:MD_Metadata.1:identificationInfo.1:resourceMaintenance.1:maintenanceAndUpdateFrequency.1', '12');
INSERT INTO "Storage"."TextValues" ("form", "path", "ordinal", "type", "typeStandard", "id_value", "value") VALUES (16, 'ISO 19115:MD_Metadata:identificationInfo:spatialRepresentationType', 1, 'MD_SpatialRepresentationTypeCode', 'ISO 19115', 'ISO 19115:MD_Metadata.1:identificationInfo.1:spatialRepresentationType.1', '1');



INSERT INTO "Storage"."Forms" ("identifier", "catalog", "title", "inputLogin", "validationLogin", "profile", "updateDate", "isValidated", "isPublished", "type") VALUES (17, 'CSWCat', '8959', 'admin', NULL, 'ISO_19115', '2009-08-27', 1, 1, 'NORMALFORM');


INSERT INTO "Storage"."Values" ("form", "path", "ordinal", "type", "typeStandard", "id_value") VALUES (17, 'ISO 19115:MD_Metadata', 1, 'MD_Metadata', 'ISO 19115', 'ISO 19115:MD_Metadata.1');
INSERT INTO "Storage"."Values" ("form", "path", "ordinal", "type", "typeStandard", "id_value") VALUES (17, 'ISO 19115:MD_Metadata:contact', 1, 'CI_ResponsibleParty', 'ISO 19115', 'ISO 19115:MD_Metadata.1:contact.1');
INSERT INTO "Storage"."Values" ("form", "path", "ordinal", "type", "typeStandard", "id_value") VALUES (17, 'ISO 19115:MD_Metadata:contact:contactInfo', 1, 'CI_Contact', 'ISO 19115', 'ISO 19115:MD_Metadata.1:contact.1:contactInfo.1');
INSERT INTO "Storage"."Values" ("form", "path", "ordinal", "type", "typeStandard", "id_value") VALUES (17, 'ISO 19115:MD_Metadata:contact:contactInfo:address', 1, 'CI_Address', 'ISO 19115', 'ISO 19115:MD_Metadata.1:contact.1:contactInfo.1:address.1');
--INSERT INTO "Storage"."Values" ("form", "path", "ordinal", "type", "typeStandard", "id_value") VALUES (17, 'ISO 19115:MD_Metadata:locale', 1, 'PT_Locale', 'ISO 19115', 'ISO 19115:MD_Metadata.1:locale.1')
INSERT INTO "Storage"."Values" ("form", "path", "ordinal", "type", "typeStandard", "id_value") VALUES (17, 'ISO 19115:MD_Metadata:referenceSystemInfo', 1, 'MD_ReferenceSystem', 'ISO 19115', 'ISO 19115:MD_Metadata.1:referenceSystemInfo.1');
INSERT INTO "Storage"."Values" ("form", "path", "ordinal", "type", "typeStandard", "id_value") VALUES (17, 'ISO 19115:MD_Metadata:referenceSystemInfo:referenceSystemIdentifier', 1, 'RS_Identifier', 'ISO 19115', 'ISO 19115:MD_Metadata.1:referenceSystemInfo.1:referenceSystemIdentifier.1');
--INSERT INTO "Storage"."Values" ("form", "path", "ordinal", "type", "typeStandard", "id_value") VALUES (17, 'ISO 19115:MD_Metadata:referenceSystemInfo:referenceSystemIdentifier:code', 1, 'Anchor', 'ISO 19103', 'ISO 19115:MD_Metadata.1:referenceSystemInfo.1:referenceSystemIdentifier.1:code.1')
INSERT INTO "Storage"."Values" ("form", "path", "ordinal", "type", "typeStandard", "id_value") VALUES (17, 'ISO 19115:MD_Metadata:identificationInfo', 1, 'MD_DataIdentification', 'ISO 19115', 'ISO 19115:MD_Metadata.1:identificationInfo.1');
INSERT INTO "Storage"."Values" ("form", "path", "ordinal", "type", "typeStandard", "id_value") VALUES (17, 'ISO 19115:MD_Metadata:identificationInfo:citation', 1, 'CI_Citation', 'ISO 19115', 'ISO 19115:MD_Metadata.1:identificationInfo.1:citation.1');
INSERT INTO "Storage"."Values" ("form", "path", "ordinal", "type", "typeStandard", "id_value") VALUES (17, 'ISO 19115:MD_Metadata:identificationInfo:citation:date', 1, 'CI_Date', 'ISO 19115', 'ISO 19115:MD_Metadata.1:identificationInfo.1:citation.1:date.1');
INSERT INTO "Storage"."Values" ("form", "path", "ordinal", "type", "typeStandard", "id_value") VALUES (17, 'ISO 19115:MD_Metadata:identificationInfo:citation:identifier', 1, 'MD_Identifier', 'ISO 19115', 'ISO 19115:MD_Metadata.1:identificationInfo.1:citation.1:identifier.1');
INSERT INTO "Storage"."Values" ("form", "path", "ordinal", "type", "typeStandard", "id_value") VALUES (17, 'ISO 19115:MD_Metadata:identificationInfo:citation:series', 1, 'CI_Series', 'ISO 19115', 'ISO 19115:MD_Metadata.1:identificationInfo.1:citation.1:series.1');
INSERT INTO "Storage"."Values" ("form", "path", "ordinal", "type", "typeStandard", "id_value") VALUES (17, 'ISO 19115:MD_Metadata:identificationInfo:pointOfContact', 1, 'CI_ResponsibleParty', 'ISO 19115', 'ISO 19115:MD_Metadata.1:identificationInfo.1:pointOfContact.1');
INSERT INTO "Storage"."Values" ("form", "path", "ordinal", "type", "typeStandard", "id_value") VALUES (17, 'ISO 19115:MD_Metadata:identificationInfo:descriptiveKeywords', 1, 'MD_Keywords', 'ISO 19115', 'ISO 19115:MD_Metadata.1:identificationInfo.1:descriptiveKeywords.1');
INSERT INTO "Storage"."Values" ("form", "path", "ordinal", "type", "typeStandard", "id_value") VALUES (17, 'ISO 19115:MD_Metadata:identificationInfo:descriptiveKeywords:ThesaurusName', 1, 'CI_Citation', 'ISO 19115', 'ISO 19115:MD_Metadata.1:identificationInfo.1:descriptiveKeywords.1:ThesaurusName.1');
INSERT INTO "Storage"."Values" ("form", "path", "ordinal", "type", "typeStandard", "id_value") VALUES (17, 'ISO 19115:MD_Metadata:identificationInfo:descriptiveKeywords:ThesaurusName:title', 1, 'PT_FreeText', 'ISO 19115', 'ISO 19115:MD_Metadata.1:identificationInfo.1:descriptiveKeywords.1:ThesaurusName.1:title.1');
INSERT INTO "Storage"."Values" ("form", "path", "ordinal", "type", "typeStandard", "id_value") VALUES (17, 'ISO 19115:MD_Metadata:identificationInfo:descriptiveKeywords:ThesaurusName:title:textGroup', 1, 'LocalisedCharacterString', 'ISO 19103', 'ISO 19115:MD_Metadata.1:identificationInfo.1:descriptiveKeywords.1:ThesaurusName.1:title.1:textgroup.1');
INSERT INTO "Storage"."Values" ("form", "path", "ordinal", "type", "typeStandard", "id_value") VALUES (17, 'ISO 19115:MD_Metadata:identificationInfo:resourceSpecificUsage', 1, 'MD_Usage', 'ISO 19115', 'ISO 19115:MD_Metadata.1:identificationInfo.1:resourceSpecificUsage.1');
INSERT INTO "Storage"."Values" ("form", "path", "ordinal", "type", "typeStandard", "id_value") VALUES (17, 'ISO 19115:MD_Metadata:identificationInfo:resourceSpecificUsage:userContactInfo', 1, 'CI_ResponsibleParty', 'ISO 19115', 'ISO 19115:MD_Metadata.1:identificationInfo.1:resourceSpecificUsage.1:userContactInfo.1');
INSERT INTO "Storage"."Values" ("form", "path", "ordinal", "type", "typeStandard", "id_value") VALUES (17, 'ISO 19115:MD_Metadata:identificationInfo:resourceConstraints', 1, 'MD_SecurityConstraints', 'ISO 19115', 'ISO 19115:MD_Metadata.1:identificationInfo.1:resourceConstraints.1');
INSERT INTO "Storage"."Values" ("form", "path", "ordinal", "type", "typeStandard", "id_value") VALUES (17, 'ISO 19115:MD_Metadata:identificationInfo:extent', 1, 'EX_Extent', 'ISO 19115', 'ISO 19115:MD_Metadata.1:identificationInfo.1:extent.1');
INSERT INTO "Storage"."Values" ("form", "path", "ordinal", "type", "typeStandard", "id_value") VALUES (17, 'ISO 19115:MD_Metadata:identificationInfo:extent:geographicElement4', 1, 'EX_BoundingPolygon', 'ISO 19115', 'ISO 19115:MD_Metadata.1:identificationInfo.1:extent.1:geographicElement4.1');
INSERT INTO "Storage"."Values" ("form", "path", "ordinal", "type", "typeStandard", "id_value") VALUES (17, 'ISO 19115:MD_Metadata:identificationInfo:extent:geographicElement4:polygon', 1, 'MultiSurface', 'ISO 19108', 'ISO 19115:MD_Metadata.1:identificationInfo.1:extent.1:geographicElement4.1:polygon.1');
INSERT INTO "Storage"."Values" ("form", "path", "ordinal", "type", "typeStandard", "id_value") VALUES (17, 'ISO 19115:MD_Metadata:identificationInfo:extent:geographicElement4:polygon:surfaceMember', 1, 'SurfaceProperty', 'ISO 19108', 'ISO 19115:MD_Metadata.1:identificationInfo.1:extent.1:geographicElement4.1:polygon.1:surfaceMember.1');
INSERT INTO "Storage"."Values" ("form", "path", "ordinal", "type", "typeStandard", "id_value") VALUES (17, 'ISO 19115:MD_Metadata:identificationInfo:extent:geographicElement4:polygon:surfaceMember:abstractSurface', 1, 'Surface', 'ISO 19108', 'ISO 19115:MD_Metadata.1:identificationInfo.1:extent.1:geographicElement4.1:polygon.1:surfaceMember.1:abstractSurface.1');
INSERT INTO "Storage"."Values" ("form", "path", "ordinal", "type", "typeStandard", "id_value") VALUES (17, 'ISO 19115:MD_Metadata:identificationInfo:extent:geographicElement4:polygon:surfaceMember:abstractSurface:patches', 1, 'SurfacePatchArrayProperty', 'ISO 19108', 'ISO 19115:MD_Metadata.1:identificationInfo.1:extent.1:geographicElement4.1:polygon.1:surfaceMember.1:abstractSurface.1:patches.1');
INSERT INTO "Storage"."Values" ("form", "path", "ordinal", "type", "typeStandard", "id_value") VALUES (17, 'ISO 19115:MD_Metadata:identificationInfo:extent:geographicElement4:polygon:surfaceMember:abstractSurface:patches:abstractSurfacePatch', 1, 'PolygonPatch', 'ISO 19108', 'ISO 19115:MD_Metadata.1:identificationInfo.1:extent.1:geographicElement4.1:polygon.1:surfaceMember.1:abstractSurface.1:patches.1:abstractSurfacePatch.1');
INSERT INTO "Storage"."Values" ("form", "path", "ordinal", "type", "typeStandard", "id_value") VALUES (17, 'ISO 19115:MD_Metadata:identificationInfo:extent:geographicElement4:polygon:surfaceMember:abstractSurface:patches:abstractSurfacePatch:exterior', 1, 'AbstractRingProperty', 'ISO 19108', 'ISO 19115:MD_Metadata.1:identificationInfo.1:extent.1:geographicElement4.1:polygon.1:surfaceMember.1:abstractSurface.1:patches.1:abstractSurfacePatch.1:exterior.1');
INSERT INTO "Storage"."Values" ("form", "path", "ordinal", "type", "typeStandard", "id_value") VALUES (17, 'ISO 19115:MD_Metadata:identificationInfo:extent:geographicElement4:polygon:surfaceMember:abstractSurface:patches:abstractSurfacePatch:exterior:abstractRing', 1, 'Ring', 'ISO 19108', 'ISO 19115:MD_Metadata.1:identificationInfo.1:extent.1:geographicElement4.1:polygon.1:surfaceMember.1:abstractSurface.1:patches.1:abstractSurfacePatch.1:exterior.1:abstractRing.1');
INSERT INTO "Storage"."Values" ("form", "path", "ordinal", "type", "typeStandard", "id_value") VALUES (17, 'ISO 19115:MD_Metadata:identificationInfo:extent:geographicElement4:polygon:surfaceMember:abstractSurface:patches:abstractSurfacePatch:exterior:abstractRing:curveMember', 1, 'CurveProperty', 'ISO 19108', 'ISO 19115:MD_Metadata.1:identificationInfo.1:extent.1:geographicElement4.1:polygon.1:surfaceMember.1:abstractSurface.1:patches.1:abstractSurfacePatch.1:exterior.1:abstractRing.1:curveMember.1');
INSERT INTO "Storage"."Values" ("form", "path", "ordinal", "type", "typeStandard", "id_value") VALUES (17, 'ISO 19115:MD_Metadata:identificationInfo:extent:geographicElement4:polygon:surfaceMember:abstractSurface:patches:abstractSurfacePatch:exterior:abstractRing:curveMember:abstractCurve', 1, 'Curve', 'ISO 19108', 'ISO 19115:MD_Metadata.1:identificationInfo.1:extent.1:geographicElement4.1:polygon.1:surfaceMember.1:abstractSurface.1:patches.1:abstractSurfacePatch.1:exterior.1:abstractRing.1:curveMember.1:abstractCurve.1');
INSERT INTO "Storage"."Values" ("form", "path", "ordinal", "type", "typeStandard", "id_value") VALUES (17, 'ISO 19115:MD_Metadata:identificationInfo:extent:geographicElement4:polygon:surfaceMember:abstractSurface:patches:abstractSurfacePatch:exterior:abstractRing:curveMember:abstractCurve:segments', 1, 'CurveSegmentArrayProperty', 'ISO 19108', 'ISO 19115:MD_Metadata.1:identificationInfo.1:extent.1:geographicElement4.1:polygon.1:surfaceMember.1:abstractSurface.1:patches.1:abstractSurfacePatch.1:exterior.1:abstractRing.1:curveMember.1:abstractCurve.1:segments.1');
INSERT INTO "Storage"."Values" ("form", "path", "ordinal", "type", "typeStandard", "id_value") VALUES (17, 'ISO 19115:MD_Metadata:identificationInfo:extent:geographicElement4:polygon:surfaceMember:abstractSurface:patches:abstractSurfacePatch:exterior:abstractRing:curveMember:abstractCurve:segments:abstractCurveSegment', 1, 'LineStringSegment', 'ISO 19108', 'ISO 19115:MD_Metadata.1:identificationInfo.1:extent.1:geographicElement4.1:polygon.1:surfaceMember.1:abstractSurface.1:patches.1:abstractSurfacePatch.1:exterior.1:abstractRing.1:curveMember.1:abstractCurve.1:segments.1:abstractCurveSegment.1');
INSERT INTO "Storage"."Values" ("form", "path", "ordinal", "type", "typeStandard", "id_value") VALUES (17, 'ISO 19115:MD_Metadata:identificationInfo:extent:geographicElement4:polygon:surfaceMember:abstractSurface:patches:abstractSurfacePatch:exterior:abstractRing:curveMember:abstractCurve:segments:abstractCurveSegment:posList', 1, 'DirectPositionList', 'ISO 19108', 'ISO 19115:MD_Metadata.1:identificationInfo.1:extent.1:geographicElement4.1:polygon.1:surfaceMember.1:abstractSurface.1:patches.1:abstractSurfacePatch.1:exterior.1:abstractRing.1:curveMember.1:abstractCurve.1:segments.1:abstractCurveSegment.1:posList.1');

INSERT INTO "Storage"."TextValues" ("form", "path", "ordinal", "type", "typeStandard", "id_value", "value") VALUES (17, 'ISO 19115:MD_Metadata:fileIdentifier', 1, 'CharacterString', 'ISO 19103', 'ISO 19115:MD_Metadata.1:fileIdentifier.1', 'IGNF_PVA_1-0__1968__C0620-0111_CDP_5569_8959.xml');
INSERT INTO "Storage"."TextValues" ("form", "path", "ordinal", "type", "typeStandard", "id_value", "value") VALUES (17, 'ISO 19115:MD_Metadata:language', 1, 'LanguageCode', 'ISO 19115', 'ISO 19115:MD_Metadata.1:language.1', 'fre');
INSERT INTO "Storage"."TextValues" ("form", "path", "ordinal", "type", "typeStandard", "id_value", "value") VALUES (17, 'ISO 19115:MD_Metadata:characterSet', 1, 'MD_CharacterSetCode', 'ISO 19115', 'ISO 19115:MD_Metadata.1:characterSet.1', '4');
INSERT INTO "Storage"."TextValues" ("form", "path", "ordinal", "type", "typeStandard", "id_value", "value") VALUES (17, 'ISO 19115:MD_Metadata:hierarchyLevel', 1, 'MD_ScopeCode', 'ISO 19115', 'ISO 19115:MD_Metadata.1:hierarchyLevel.1', '5');
INSERT INTO "Storage"."TextValues" ("form", "path", "ordinal", "type", "typeStandard", "id_value", "value") VALUES (17, 'ISO 19115:MD_Metadata:hierarchyLevelName', 1, 'CharacterString', 'ISO 19103', 'ISO 19115:MD_Metadata.1:hierarchyLevelName.1', 'Clich');
INSERT INTO "Storage"."TextValues" ("form", "path", "ordinal", "type", "typeStandard", "id_value", "value") VALUES (17, 'ISO 19115:MD_Metadata:contact:organisationName', 1, 'CharacterString', 'ISO 19103', 'ISO 19115:MD_Metadata.1:contact.1:organisationName.1', 'IGN-F');
INSERT INTO "Storage"."TextValues" ("form", "path", "ordinal", "type", "typeStandard", "id_value", "value") VALUES (17, 'ISO 19115:MD_Metadata:contact:positionName', 1, 'CharacterString', 'ISO 19103', 'ISO 19115:MD_Metadata.1:contact.1:positionName.1', 'responsable de march');
INSERT INTO "Storage"."TextValues" ("form", "path", "ordinal", "type", "typeStandard", "id_value", "value") VALUES (17, 'ISO 19115:MD_Metadata:contact:contactInfo:address:deliveryPoint', 1, 'CharacterString', 'ISO 19103', 'ISO 19115:MD_Metadata.1:contact.1:contactInfo.1:address.1:deliveryPoint.1', 'Institut Gographique National - Service Clients');
INSERT INTO "Storage"."TextValues" ("form", "path", "ordinal", "type", "typeStandard", "id_value", "value") VALUES (17, 'ISO 19115:MD_Metadata:contact:contactInfo:address:deliveryPoint', 2, 'CharacterString', 'ISO 19103', 'ISO 19115:MD_Metadata.1:contact.1:contactInfo.1:address.1:deliveryPoint.2', '73 avenue de Paris');
INSERT INTO "Storage"."TextValues" ("form", "path", "ordinal", "type", "typeStandard", "id_value", "value") VALUES (17, 'ISO 19115:MD_Metadata:contact:contactInfo:address:city', 1, 'CharacterString', 'ISO 19103', 'ISO 19115:MD_Metadata.1:contact.1:contactInfo.1:address.1:city.1', 'Saint Mand');
INSERT INTO "Storage"."TextValues" ("form", "path", "ordinal", "type", "typeStandard", "id_value", "value") VALUES (17, 'ISO 19115:MD_Metadata:contact:contactInfo:address:postalCode', 1, 'CharacterString', 'ISO 19103', 'ISO 19115:MD_Metadata.1:contact.1:contactInfo.1:address.1:postalCode.1', '94165 Cedex');
INSERT INTO "Storage"."TextValues" ("form", "path", "ordinal", "type", "typeStandard", "id_value", "value") VALUES (17, 'ISO 19115:MD_Metadata:contact:contactInfo:address:country', 1, 'CharacterString', 'ISO 19103', 'ISO 19115:MD_Metadata.1:contact.1:contactInfo.1:address.1:country.1', 'FRA');
INSERT INTO "Storage"."TextValues" ("form", "path", "ordinal", "type", "typeStandard", "id_value", "value") VALUES (17, 'ISO 19115:MD_Metadata:contact:contactInfo:address:electronicMailAddress', 1, 'CharacterString', 'ISO 19103', 'ISO 19115:MD_Metadata.1:contact.1:contactInfo.1:address.1:electronicMailAddress.1', 'sav-bd@ign.fr');
INSERT INTO "Storage"."TextValues" ("form", "path", "ordinal", "type", "typeStandard", "id_value", "value") VALUES (17, 'ISO 19115:MD_Metadata:contact:role', 1, 'CI_RoleCode', 'ISO 19115', 'ISO 19115:MD_Metadata.1:contact.1:role.1', '5');
INSERT INTO "Storage"."TextValues" ("form", "path", "ordinal", "type", "typeStandard", "id_value", "value") VALUES (17, 'ISO 19115:MD_Metadata:dateStamp', 1, 'Date', 'ISO 19103', 'ISO 19115:MD_Metadata.1:dateStamp.1', '2008-07-07T00:00:00.000+02:00');
INSERT INTO "Storage"."TextValues" ("form", "path", "ordinal", "type", "typeStandard", "id_value", "value") VALUES (17, 'ISO 19115:MD_Metadata:metadataStandardName', 1, 'CharacterString', 'ISO 19103', 'ISO 19115:MD_Metadata.1:metadataStandardName.1', 'ISO 19115');
INSERT INTO "Storage"."TextValues" ("form", "path", "ordinal", "type", "typeStandard", "id_value", "value") VALUES (17, 'ISO 19115:MD_Metadata:metadataStandardVersion', 1, 'CharacterString', 'ISO 19103', 'ISO 19115:MD_Metadata.1:metadataStandardVersion.1', '2005/PDAM 1');
--INSERT INTO "Storage"."TextValues" ("form", "path", "ordinal", "type", "typeStandard", "id_value", "value") VALUES (17, 'ISO 19115:MD_Metadata:locale:languageCode', 1, 'LanguageCode', 'ISO 19115', 'ISO 19115:MD_Metadata.1:locale.1:languageCode.1', 'eng')
--INSERT INTO "Storage"."TextValues" ("form", "path", "ordinal", "type", "typeStandard", "id_value", "value") VALUES (17, 'ISO 19115:MD_Metadata:locale:country', 1, 'CountryCode', 'ISO 19115', 'ISO 19115:MD_Metadata.1:locale.1:country.1', 'GB')
--INSERT INTO "Storage"."TextValues" ("form", "path", "ordinal", "type", "typeStandard", "id_value", "value") VALUES (17, 'ISO 19115:MD_Metadata:locale:characterEncoding', 1, 'MD_CharacterSetCode', 'ISO 19115', 'ISO 19115:MD_Metadata.1:locale.1:characterEncoding.1', '11')
--INSERT INTO "Storage"."TextValues" ("form", "path", "ordinal", "type", "typeStandard", "id_value", "value") VALUES (17, 'ISO 19115:MD_Metadata:referenceSystemInfo:referenceSystemIdentifier:code:value', 1, 'CharacterString', 'ISO 19103', 'ISO 19115:MD_Metadata.1:referenceSystemInfo.1:referenceSystemIdentifier.1:code.1:value.1', 'NTF Lambert II tendu')
--INSERT INTO "Storage"."TextValues" ("form", "path", "ordinal", "type", "typeStandard", "id_value", "value") VALUES (17, 'ISO 19115:MD_Metadata:referenceSystemInfo:referenceSystemIdentifier:code:href', 1, 'URI', 'ISO 19103', 'ISO 19115:MD_Metadata.1:referenceSystemInfo.1:referenceSystemIdentifier.1:code.1:href.1', 'http://librairies.ign.fr/geoportail/resources/RIG.xml#LAMBE')
INSERT INTO "Storage"."TextValues" ("form", "path", "ordinal", "type", "typeStandard", "id_value", "value") VALUES (17, 'ISO 19115:MD_Metadata:referenceSystemInfo:referenceSystemIdentifier:code', 1, 'CharacterString', 'ISO 19103', 'ISO 19115:MD_Metadata.1:referenceSystemInfo.1:referenceSystemIdentifier.1:code.1', 'NTF Lambert II tendu');
INSERT INTO "Storage"."TextValues" ("form", "path", "ordinal", "type", "typeStandard", "id_value", "value") VALUES (17, 'ISO 19115:MD_Metadata:referenceSystemInfo:referenceSystemIdentifier:codeSpace', 1, 'CharacterString', 'ISO 19103', 'ISO 19115:MD_Metadata.1:referenceSystemInfo.1:referenceSystemIdentifier.1:codeSpace.1', 'urn:ogc:def:crs:IGNF:1.1');
INSERT INTO "Storage"."TextValues" ("form", "path", "ordinal", "type", "typeStandard", "id_value", "value") VALUES (17, 'ISO 19115:MD_Metadata:identificationInfo:citation:title', 1, 'CharacterString', 'ISO 19103', 'ISO 19115:MD_Metadata.1:identificationInfo.1:citation.1:title.1', '8959');
INSERT INTO "Storage"."TextValues" ("form", "path", "ordinal", "type", "typeStandard", "id_value", "value") VALUES (17, 'ISO 19115:MD_Metadata:identificationInfo:citation:date:date', 1, 'Date', 'ISO 19103', 'ISO 19115:MD_Metadata.1:identificationInfo.1:citation.1:date.1:date.1', '1968');
INSERT INTO "Storage"."TextValues" ("form", "path", "ordinal", "type", "typeStandard", "id_value", "value") VALUES (17, 'ISO 19115:MD_Metadata:identificationInfo:citation:date:dateType', 1, 'CI_DateTypeCode', 'ISO 19115', 'ISO 19115:MD_Metadata.1:identificationInfo.1:citation.1:date.1:dateType.1', '1');
INSERT INTO "Storage"."TextValues" ("form", "path", "ordinal", "type", "typeStandard", "id_value", "value") VALUES (17, 'ISO 19115:MD_Metadata:identificationInfo:citation:edition', 1, 'CharacterString', 'ISO 19103', 'ISO 19115:MD_Metadata.1:identificationInfo.1:citation.1:edition.1', '1.0');
INSERT INTO "Storage"."TextValues" ("form", "path", "ordinal", "type", "typeStandard", "id_value", "value") VALUES (17, 'ISO 19115:MD_Metadata:identificationInfo:citation:identifier:code', 1, 'CharacterString', 'ISO 19103', 'ISO 19115:MD_Metadata.1:identificationInfo.1:citation.1:identifier.1:code.1', 'IGNF_PVA_1-0__1968__C0620-0111_CDP_5569_8959');
INSERT INTO "Storage"."TextValues" ("form", "path", "ordinal", "type", "typeStandard", "id_value", "value") VALUES (17, 'ISO 19115:MD_Metadata:identificationInfo:citation:series:name', 1, 'CharacterString', 'ISO 19103', 'ISO 19115:MD_Metadata.1:identificationInfo.1:citation.1:series.1:name.1', 'IGNF_PVA_1-0.xml');
INSERT INTO "Storage"."TextValues" ("form", "path", "ordinal", "type", "typeStandard", "id_value", "value") VALUES (17, 'ISO 19115:MD_Metadata:identificationInfo:citation:series:issueIdentification', 1, 'CharacterString', 'ISO 19103', 'ISO 19115:MD_Metadata.1:identificationInfo.1:citation.1:series.1:issueIdentification.1', 'Produit');
INSERT INTO "Storage"."TextValues" ("form", "path", "ordinal", "type", "typeStandard", "id_value", "value") VALUES (17, 'ISO 19115:MD_Metadata:identificationInfo:abstract', 1, 'CharacterString', 'ISO 19103', 'ISO 19115:MD_Metadata.1:identificationInfo.1:abstract.1', 'Clich d''une prise de vue arienne.');
INSERT INTO "Storage"."TextValues" ("form", "path", "ordinal", "type", "typeStandard", "id_value", "value") VALUES (17, 'ISO 19115:MD_Metadata:identificationInfo:pointOfContact:organisationName', 1, 'CharacterString', 'ISO 19103', 'ISO 19115:MD_Metadata.1:identificationInfo.1:pointOfContact.1:organisationName.1', 'Institut Gographique National - France (IGN-F)');
INSERT INTO "Storage"."TextValues" ("form", "path", "ordinal", "type", "typeStandard", "id_value", "value") VALUES (17, 'ISO 19115:MD_Metadata:identificationInfo:pointOfContact:positionName', 1, 'CharacterString', 'ISO 19103', 'ISO 19115:MD_Metadata.1:identificationInfo.1:pointOfContact.1:positionName.1', 'dpot lgal');
INSERT INTO "Storage"."TextValues" ("form", "path", "ordinal", "type", "typeStandard", "id_value", "value") VALUES (17, 'ISO 19115:MD_Metadata:identificationInfo:pointOfContact:role', 1, 'CI_RoleCode', 'ISO 19115', 'ISO 19115:MD_Metadata.1:identificationInfo.1:pointOfContact.1:role.1', '2');
INSERT INTO "Storage"."TextValues" ("form", "path", "ordinal", "type", "typeStandard", "id_value", "value") VALUES (17, 'ISO 19115:MD_Metadata:identificationInfo:descriptiveKeywords:keyword', 1, 'CharacterString', 'ISO 19103', 'ISO 19115:MD_Metadata.1:identificationInfo.1:descriptiveKeywords.1:keyword.1', 'photographie arienne');
INSERT INTO "Storage"."TextValues" ("form", "path", "ordinal", "type", "typeStandard", "id_value", "value") VALUES (17, 'ISO 19115:MD_Metadata:identificationInfo:descriptiveKeywords:Type', 1, 'MD_KeywordTypeCode', 'ISO 19115', 'ISO 19115:MD_Metadata.1:identificationInfo.1:descriptiveKeywords.1:Type.1', '5');
INSERT INTO "Storage"."TextValues" ("form", "path", "ordinal", "type", "typeStandard", "id_value", "value") VALUES (17, 'ISO 19115:MD_Metadata:identificationInfo:descriptiveKeywords:ThesaurusName:title:value', 1, 'CharacterString', 'ISO 19103', 'ISO 19115:MD_Metadata.1:identificationInfo.1:descriptiveKeywords.1:ThesaurusName.1:title.1:value.1', 'Thsaurus GEMET');
INSERT INTO "Storage"."TextValues" ("form", "path", "ordinal", "type", "typeStandard", "id_value", "value") VALUES (17, 'ISO 19115:MD_Metadata:identificationInfo:descriptiveKeywords:ThesaurusName:title:textGroup:value', 1, 'CharacterString', 'ISO 19103', 'ISO 19115:MD_Metadata.1:identificationInfo.1:descriptiveKeywords.1:ThesaurusName.1:title.1:textGroup.1:value.1', 'GEMET Thesaurus');
INSERT INTO "Storage"."TextValues" ("form", "path", "ordinal", "type", "typeStandard", "id_value", "value") VALUES (17, 'ISO 19115:MD_Metadata:identificationInfo:descriptiveKeywords:ThesaurusName:title:textGroup:locale', 1, 'CharacterString', 'ISO 19103', 'ISO 19115:MD_Metadata.1:identificationInfo.1:descriptiveKeywords.1:ThesaurusName.1:title.1:textGroup.1:locale.1', '#locale-eng');
INSERT INTO "Storage"."TextValues" ("form", "path", "ordinal", "type", "typeStandard", "id_value", "value") VALUES (17, 'ISO 19115:MD_Metadata:identificationInfo:resourceSpecificUsage:specificUsage', 1, 'CharacterString', 'ISO 19103', 'ISO 19115:MD_Metadata.1:identificationInfo.1:resourceSpecificUsage.1:specificUsage.1', 'Echelles d''affichage');
INSERT INTO "Storage"."TextValues" ("form", "path", "ordinal", "type", "typeStandard", "id_value", "value") VALUES (17, 'ISO 19115:MD_Metadata:identificationInfo:resourceSpecificUsage:userDeterminedLimitations', 1, 'CharacterString', 'ISO 19103', 'ISO 19115:MD_Metadata.1:identificationInfo.1:resourceSpecificUsage.1:userDeterminedLimitations.1', 'Dpend de l''chelle ou de la rsolution de la prise de vue.');
INSERT INTO "Storage"."TextValues" ("form", "path", "ordinal", "type", "typeStandard", "id_value", "value") VALUES (17, 'ISO 19115:MD_Metadata:identificationInfo:resourceSpecificUsage:userContactInfo:organisationName', 1, 'CharacterString', 'ISO 19103', 'ISO 19115:MD_Metadata.1:identificationInfo.1:resourceSpecificUsage.1:userContactInfo.1:organisationName.1', 'IGN-F');
INSERT INTO "Storage"."TextValues" ("form", "path", "ordinal", "type", "typeStandard", "id_value", "value") VALUES (17, 'ISO 19115:MD_Metadata:identificationInfo:resourceSpecificUsage:userContactInfo:positionName', 1, 'CharacterString', 'ISO 19103', 'ISO 19115:MD_Metadata.1:identificationInfo.1:resourceSpecificUsage.1:userContactInfo.1:positionName.1', 'dpot lgal');
INSERT INTO "Storage"."TextValues" ("form", "path", "ordinal", "type", "typeStandard", "id_value", "value") VALUES (17, 'ISO 19115:MD_Metadata:identificationInfo:resourceConstraints:useLimitation', 1, 'CharacterString', 'ISO 19103', 'ISO 19115:MD_Metadata.1:identificationInfo.1:resourceConstraints.1:useLimitation.1', 'Prsence de zones sensibles');
INSERT INTO "Storage"."TextValues" ("form", "path", "ordinal", "type", "typeStandard", "id_value", "value") VALUES (17, 'ISO 19115:MD_Metadata:identificationInfo:resourceConstraints:classification', 1, 'MD_ClassificationCode', 'ISO 19115', 'ISO 19115:MD_Metadata.1:identificationInfo.1:resourceConstraints.1:classification.1', '2');
INSERT INTO "Storage"."TextValues" ("form", "path", "ordinal", "type", "typeStandard", "id_value", "value") VALUES (17, 'ISO 19115:MD_Metadata:identificationInfo:language', 1, 'LanguageCode', 'ISO 19115', 'ISO 19115:MD_Metadata.1:identificationInfo.1:language.1', 'fre');
INSERT INTO "Storage"."TextValues" ("form", "path", "ordinal", "type", "typeStandard", "id_value", "value") VALUES (17, 'ISO 19115:MD_Metadata:identificationInfo:characterSet', 1, 'MD_CharacterSetCode', 'ISO 19115', 'ISO 19115:MD_Metadata.1:identificationInfo.1:characterSet.1', '4');
INSERT INTO "Storage"."TextValues" ("form", "path", "ordinal", "type", "typeStandard", "id_value", "value") VALUES (17, 'ISO 19115:MD_Metadata:identificationInfo:topicCategory', 1, 'MD_TopicCategoryCode', 'ISO 19115', 'ISO 19115:MD_Metadata.1:identificationInfo.1:topicCategory.1', '10');
INSERT INTO "Storage"."TextValues" ("form", "path", "ordinal", "type", "typeStandard", "id_value", "value") VALUES (17, 'ISO 19115:MD_Metadata:identificationInfo:extent:description', 1, 'CharacterString', 'ISO 19103', 'ISO 19115:MD_Metadata.1:identificationInfo.1:extent.1:description.1', 'C0620-0111_CDP_5569_8959');
INSERT INTO "Storage"."TextValues" ("form", "path", "ordinal", "type", "typeStandard", "id_value", "value") VALUES (17, 'ISO 19115:MD_Metadata:identificationInfo:extent:geographicElement4:polygon:id', 1, 'CharacterString', 'ISO 19103', 'ISO 19115:MD_Metadata.1:identificationInfo.1:extent.1:geographicElement4.1:polygon.1:id.1', 'polygon.IGNF_PVA_1-0__1968__C0620-0111_CDP_5569_8959');
INSERT INTO "Storage"."TextValues" ("form", "path", "ordinal", "type", "typeStandard", "id_value", "value") VALUES (17, 'ISO 19115:MD_Metadata:identificationInfo:extent:geographicElement4:polygon:srsName', 1, 'CharacterString', 'ISO 19103', 'ISO 19115:MD_Metadata.1:identificationInfo.1:extent.1:geographicElement4.1:polygon.1:srsName.1', 'http://librairies.ign.fr/geoportail/resources/RIG.xml#xpointer(//*[@gml:id=''LAMBE''])');
INSERT INTO "Storage"."TextValues" ("form", "path", "ordinal", "type", "typeStandard", "id_value", "value") VALUES (17, 'ISO 19115:MD_Metadata:identificationInfo:extent:geographicElement4:polygon:surfaceMember:abstractSurface:patches:abstractSurfacePatch:exterior:abstractRing:curveMember:abstractCurve:segments:abstractCurveSegment:posList:value', 1,  'Double', 'ISO 19103', 'ISO 19115:MD_Metadata.1:identificationInfo.1:extent.1:geographicElement4.1:polygon.1:surfaceMember.1:abstractSurface.1:patches.1:abstractSurfacePatch.1:exterior.1:abstractRing.1:curveMember.1:abstractCurve.1:segments.1:abstractCurveSegment.1:posList.1:value.1', '135510');
INSERT INTO "Storage"."TextValues" ("form", "path", "ordinal", "type", "typeStandard", "id_value", "value") VALUES (17, 'ISO 19115:MD_Metadata:identificationInfo:extent:geographicElement4:polygon:surfaceMember:abstractSurface:patches:abstractSurfacePatch:exterior:abstractRing:curveMember:abstractCurve:segments:abstractCurveSegment:posList:value', 2,  'Double', 'ISO 19103', 'ISO 19115:MD_Metadata.1:identificationInfo.1:extent.1:geographicElement4.1:polygon.1:surfaceMember.1:abstractSurface.1:patches.1:abstractSurfacePatch.1:exterior.1:abstractRing.1:curveMember.1:abstractCurve.1:segments.1:abstractCurveSegment.1:posList.1:value.2', '2338590');
INSERT INTO "Storage"."TextValues" ("form", "path", "ordinal", "type", "typeStandard", "id_value", "value") VALUES (17, 'ISO 19115:MD_Metadata:identificationInfo:extent:geographicElement4:polygon:surfaceMember:abstractSurface:patches:abstractSurfacePatch:exterior:abstractRing:curveMember:abstractCurve:segments:abstractCurveSegment:posList:value', 3,  'Double', 'ISO 19103', 'ISO 19115:MD_Metadata.1:identificationInfo.1:extent.1:geographicElement4.1:polygon.1:surfaceMember.1:abstractSurface.1:patches.1:abstractSurfacePatch.1:exterior.1:abstractRing.1:curveMember.1:abstractCurve.1:segments.1:abstractCurveSegment.1:posList.1:value.3', '135430');
INSERT INTO "Storage"."TextValues" ("form", "path", "ordinal", "type", "typeStandard", "id_value", "value") VALUES (17, 'ISO 19115:MD_Metadata:identificationInfo:extent:geographicElement4:polygon:surfaceMember:abstractSurface:patches:abstractSurfacePatch:exterior:abstractRing:curveMember:abstractCurve:segments:abstractCurveSegment:posList:value', 4,  'Double', 'ISO 19103', 'ISO 19115:MD_Metadata.1:identificationInfo.1:extent.1:geographicElement4.1:polygon.1:surfaceMember.1:abstractSurface.1:patches.1:abstractSurfacePatch.1:exterior.1:abstractRing.1:curveMember.1:abstractCurve.1:segments.1:abstractCurveSegment.1:posList.1:value.4', '2337870');
INSERT INTO "Storage"."TextValues" ("form", "path", "ordinal", "type", "typeStandard", "id_value", "value") VALUES (17, 'ISO 19115:MD_Metadata:identificationInfo:extent:geographicElement4:polygon:surfaceMember:abstractSurface:patches:abstractSurfacePatch:exterior:abstractRing:curveMember:abstractCurve:segments:abstractCurveSegment:posList:value', 5,  'Double', 'ISO 19103', 'ISO 19115:MD_Metadata.1:identificationInfo.1:extent.1:geographicElement4.1:polygon.1:surfaceMember.1:abstractSurface.1:patches.1:abstractSurfacePatch.1:exterior.1:abstractRing.1:curveMember.1:abstractCurve.1:segments.1:abstractCurveSegment.1:posList.1:value.5', '135370');
INSERT INTO "Storage"."TextValues" ("form", "path", "ordinal", "type", "typeStandard", "id_value", "value") VALUES (17, 'ISO 19115:MD_Metadata:identificationInfo:extent:geographicElement4:polygon:surfaceMember:abstractSurface:patches:abstractSurfacePatch:exterior:abstractRing:curveMember:abstractCurve:segments:abstractCurveSegment:posList:value', 6,  'Double', 'ISO 19103', 'ISO 19115:MD_Metadata.1:identificationInfo.1:extent.1:geographicElement4.1:polygon.1:surfaceMember.1:abstractSurface.1:patches.1:abstractSurfacePatch.1:exterior.1:abstractRing.1:curveMember.1:abstractCurve.1:segments.1:abstractCurveSegment.1:posList.1:value.6', '2337150');
INSERT INTO "Storage"."TextValues" ("form", "path", "ordinal", "type", "typeStandard", "id_value", "value") VALUES (17, 'ISO 19115:MD_Metadata:identificationInfo:extent:geographicElement4:polygon:surfaceMember:abstractSurface:patches:abstractSurfacePatch:exterior:abstractRing:curveMember:abstractCurve:segments:abstractCurveSegment:posList:value', 7,  'Double', 'ISO 19103', 'ISO 19115:MD_Metadata.1:identificationInfo.1:extent.1:geographicElement4.1:polygon.1:surfaceMember.1:abstractSurface.1:patches.1:abstractSurfacePatch.1:exterior.1:abstractRing.1:curveMember.1:abstractCurve.1:segments.1:abstractCurveSegment.1:posList.1:value.7', '134650');
INSERT INTO "Storage"."TextValues" ("form", "path", "ordinal", "type", "typeStandard", "id_value", "value") VALUES (17, 'ISO 19115:MD_Metadata:identificationInfo:extent:geographicElement4:polygon:surfaceMember:abstractSurface:patches:abstractSurfacePatch:exterior:abstractRing:curveMember:abstractCurve:segments:abstractCurveSegment:posList:value', 8,  'Double', 'ISO 19103', 'ISO 19115:MD_Metadata.1:identificationInfo.1:extent.1:geographicElement4.1:polygon.1:surfaceMember.1:abstractSurface.1:patches.1:abstractSurfacePatch.1:exterior.1:abstractRing.1:curveMember.1:abstractCurve.1:segments.1:abstractCurveSegment.1:posList.1:value.8', '2337230');
INSERT INTO "Storage"."TextValues" ("form", "path", "ordinal", "type", "typeStandard", "id_value", "value") VALUES (17, 'ISO 19115:MD_Metadata:identificationInfo:extent:geographicElement4:polygon:surfaceMember:abstractSurface:patches:abstractSurfacePatch:exterior:abstractRing:curveMember:abstractCurve:segments:abstractCurveSegment:posList:value', 9,  'Double', 'ISO 19103', 'ISO 19115:MD_Metadata.1:identificationInfo.1:extent.1:geographicElement4.1:polygon.1:surfaceMember.1:abstractSurface.1:patches.1:abstractSurfacePatch.1:exterior.1:abstractRing.1:curveMember.1:abstractCurve.1:segments.1:abstractCurveSegment.1:posList.1:value.9', '133930');
INSERT INTO "Storage"."TextValues" ("form", "path", "ordinal", "type", "typeStandard", "id_value", "value") VALUES (17, 'ISO 19115:MD_Metadata:identificationInfo:extent:geographicElement4:polygon:surfaceMember:abstractSurface:patches:abstractSurfacePatch:exterior:abstractRing:curveMember:abstractCurve:segments:abstractCurveSegment:posList:value', 10, 'Double', 'ISO 19103', 'ISO 19115:MD_Metadata.1:identificationInfo.1:extent.1:geographicElement4.1:polygon.1:surfaceMember.1:abstractSurface.1:patches.1:abstractSurfacePatch.1:exterior.1:abstractRing.1:curveMember.1:abstractCurve.1:segments.1:abstractCurveSegment.1:posList.1:value.10','2337300');
INSERT INTO "Storage"."TextValues" ("form", "path", "ordinal", "type", "typeStandard", "id_value", "value") VALUES (17, 'ISO 19115:MD_Metadata:identificationInfo:extent:geographicElement4:polygon:surfaceMember:abstractSurface:patches:abstractSurfacePatch:exterior:abstractRing:curveMember:abstractCurve:segments:abstractCurveSegment:posList:value', 11, 'Double', 'ISO 19103', 'ISO 19115:MD_Metadata.1:identificationInfo.1:extent.1:geographicElement4.1:polygon.1:surfaceMember.1:abstractSurface.1:patches.1:abstractSurfacePatch.1:exterior.1:abstractRing.1:curveMember.1:abstractCurve.1:segments.1:abstractCurveSegment.1:posList.1:value.11','134000');
INSERT INTO "Storage"."TextValues" ("form", "path", "ordinal", "type", "typeStandard", "id_value", "value") VALUES (17, 'ISO 19115:MD_Metadata:identificationInfo:extent:geographicElement4:polygon:surfaceMember:abstractSurface:patches:abstractSurfacePatch:exterior:abstractRing:curveMember:abstractCurve:segments:abstractCurveSegment:posList:value', 12, 'Double', 'ISO 19103', 'ISO 19115:MD_Metadata.1:identificationInfo.1:extent.1:geographicElement4.1:polygon.1:surfaceMember.1:abstractSurface.1:patches.1:abstractSurfacePatch.1:exterior.1:abstractRing.1:curveMember.1:abstractCurve.1:segments.1:abstractCurveSegment.1:posList.1:value.12','2338020');
INSERT INTO "Storage"."TextValues" ("form", "path", "ordinal", "type", "typeStandard", "id_value", "value") VALUES (17, 'ISO 19115:MD_Metadata:identificationInfo:extent:geographicElement4:polygon:surfaceMember:abstractSurface:patches:abstractSurfacePatch:exterior:abstractRing:curveMember:abstractCurve:segments:abstractCurveSegment:posList:value', 13, 'Double', 'ISO 19103', 'ISO 19115:MD_Metadata.1:identificationInfo.1:extent.1:geographicElement4.1:polygon.1:surfaceMember.1:abstractSurface.1:patches.1:abstractSurfacePatch.1:exterior.1:abstractRing.1:curveMember.1:abstractCurve.1:segments.1:abstractCurveSegment.1:posList.1:value.13','134070');
INSERT INTO "Storage"."TextValues" ("form", "path", "ordinal", "type", "typeStandard", "id_value", "value") VALUES (17, 'ISO 19115:MD_Metadata:identificationInfo:extent:geographicElement4:polygon:surfaceMember:abstractSurface:patches:abstractSurfacePatch:exterior:abstractRing:curveMember:abstractCurve:segments:abstractCurveSegment:posList:value', 14, 'Double', 'ISO 19103', 'ISO 19115:MD_Metadata.1:identificationInfo.1:extent.1:geographicElement4.1:polygon.1:surfaceMember.1:abstractSurface.1:patches.1:abstractSurfacePatch.1:exterior.1:abstractRing.1:curveMember.1:abstractCurve.1:segments.1:abstractCurveSegment.1:posList.1:value.14','2338740');
INSERT INTO "Storage"."TextValues" ("form", "path", "ordinal", "type", "typeStandard", "id_value", "value") VALUES (17, 'ISO 19115:MD_Metadata:identificationInfo:extent:geographicElement4:polygon:surfaceMember:abstractSurface:patches:abstractSurfacePatch:exterior:abstractRing:curveMember:abstractCurve:segments:abstractCurveSegment:posList:value', 15, 'Double', 'ISO 19103', 'ISO 19115:MD_Metadata.1:identificationInfo.1:extent.1:geographicElement4.1:polygon.1:surfaceMember.1:abstractSurface.1:patches.1:abstractSurfacePatch.1:exterior.1:abstractRing.1:curveMember.1:abstractCurve.1:segments.1:abstractCurveSegment.1:posList.1:value.15','134790');
INSERT INTO "Storage"."TextValues" ("form", "path", "ordinal", "type", "typeStandard", "id_value", "value") VALUES (17, 'ISO 19115:MD_Metadata:identificationInfo:extent:geographicElement4:polygon:surfaceMember:abstractSurface:patches:abstractSurfacePatch:exterior:abstractRing:curveMember:abstractCurve:segments:abstractCurveSegment:posList:value', 16, 'Double', 'ISO 19103', 'ISO 19115:MD_Metadata.1:identificationInfo.1:extent.1:geographicElement4.1:polygon.1:surfaceMember.1:abstractSurface.1:patches.1:abstractSurfacePatch.1:exterior.1:abstractRing.1:curveMember.1:abstractCurve.1:segments.1:abstractCurveSegment.1:posList.1:value.16','2338670');
INSERT INTO "Storage"."TextValues" ("form", "path", "ordinal", "type", "typeStandard", "id_value", "value") VALUES (17, 'ISO 19115:MD_Metadata:identificationInfo:extent:geographicElement4:polygon:surfaceMember:abstractSurface:patches:abstractSurfacePatch:exterior:abstractRing:curveMember:abstractCurve:segments:abstractCurveSegment:posList:value', 17, 'Double', 'ISO 19103', 'ISO 19115:MD_Metadata.1:identificationInfo.1:extent.1:geographicElement4.1:polygon.1:surfaceMember.1:abstractSurface.1:patches.1:abstractSurfacePatch.1:exterior.1:abstractRing.1:curveMember.1:abstractCurve.1:segments.1:abstractCurveSegment.1:posList.1:value.17','135510');
INSERT INTO "Storage"."TextValues" ("form", "path", "ordinal", "type", "typeStandard", "id_value", "value") VALUES (17, 'ISO 19115:MD_Metadata:identificationInfo:extent:geographicElement4:polygon:surfaceMember:abstractSurface:patches:abstractSurfacePatch:exterior:abstractRing:curveMember:abstractCurve:segments:abstractCurveSegment:posList:value', 18, 'Double', 'ISO 19103', 'ISO 19115:MD_Metadata.1:identificationInfo.1:extent.1:geographicElement4.1:polygon.1:surfaceMember.1:abstractSurface.1:patches.1:abstractSurfacePatch.1:exterior.1:abstractRing.1:curveMember.1:abstractCurve.1:segments.1:abstractCurveSegment.1:posList.1:value.18','2338590');
INSERT INTO "Storage"."TextValues" ("form", "path", "ordinal", "type", "typeStandard", "id_value", "value") VALUES (17, 'ISO 19115:MD_Metadata:identificationInfo:supplementalInformation', 1, 'CharacterString', 'ISO 19103', 'ISO 19115:MD_Metadata.1:identificationInfo.1:supplementalInformation.1', 'Format des clichs : 180x180 (mm x mm)');


INSERT INTO "Storage"."Forms" ("identifier", "catalog", "title", "inputLogin", "validationLogin", "profile", "updateDate", "isValidated", "isPublished", "type") VALUES (18, 'CSWCat', 'meta 11', 'admin', NULL, 'ISO_19115', '2009-08-27', 1, 1, 'NORMALFORM');

INSERT INTO "Storage"."Values" ("form", "path", "ordinal", "type", "typeStandard", "id_value") VALUES (18, 'ISO 19115:MD_Metadata', 1, 'MD_Metadata', 'ISO 19115', 'ISO 19115:MD_Metadata.1');
INSERT INTO "Storage"."Values" ("form", "path", "ordinal", "type", "typeStandard", "id_value") VALUES (18, 'ISO 19115:MD_Metadata:identificationInfo', 1, 'MD_DataIdentification', 'ISO 19115', 'ISO 19115:MD_Metadata.1:identificationInfo.1');
INSERT INTO "Storage"."Values" ("form", "path", "ordinal", "type", "typeStandard", "id_value") VALUES (18, 'ISO 19115:MD_Metadata:identificationInfo:extent', 1, 'EX_Extent', 'ISO 19115', 'ISO 19115:MD_Metadata.1:identificationInfo.1:extent.1');
INSERT INTO "Storage"."Values" ("form", "path", "ordinal", "type", "typeStandard", "id_value") VALUES (18, 'ISO 19115:MD_Metadata:identificationInfo:extent:geographicElement4', 1, 'EX_BoundingPolygon', 'ISO 19115', 'ISO 19115:MD_Metadata.1:identificationInfo.1:extent.1:geographicElement4.1');
INSERT INTO "Storage"."Values" ("form", "path", "ordinal", "type", "typeStandard", "id_value") VALUES (18, 'ISO 19115:MD_Metadata:identificationInfo:extent:geographicElement4:polygon', 1, 'Point', 'ISO 19108', 'ISO 19115:MD_Metadata.1:identificationInfo.1:extent.1:geographicElement4.1:polygon.1');
INSERT INTO "Storage"."Values" ("form", "path", "ordinal", "type", "typeStandard", "id_value") VALUES (18, 'ISO 19115:MD_Metadata:identificationInfo:extent:geographicElement4:polygon:coordinates', 1, 'Coordinates', 'ISO 19108', 'ISO 19115:MD_Metadata.1:identificationInfo.1:extent.1:geographicElement4.1:polygon.1:coordinates.1');

INSERT INTO "Storage"."TextValues" ("form", "path", "ordinal", "type", "typeStandard", "id_value", "value") VALUES (18, 'ISO 19115:MD_Metadata:identificationInfo:extent:geographicElement4:polygon:srsName', 1, 'CharacterString', 'ISO 19103', 'ISO 19115:MD_Metadata.1:identificationInfo.1:extent.1:geographicElement4.1:polygon.1:srsName.1', 'EPSG:3395');
INSERT INTO "Storage"."TextValues" ("form", "path", "ordinal", "type", "typeStandard", "id_value", "value") VALUES (18, 'ISO 19115:MD_Metadata:identificationInfo:extent:geographicElement4:polygon:coordinates:value', 1,  'CharacterString', 'ISO 19103', 'ISO 19115:MD_Metadata.1:identificationInfo.1:extent.1:geographicElement4.1:polygon.1:coordinates.1:value.1', '12.3 14.5');

INSERT INTO "Storage"."Forms" ("identifier", "catalog", "title", "inputLogin", "validationLogin", "profile", "updateDate", "isValidated", "isPublished", "type") VALUES (19, 'CSWCat', 'meta 12', 'admin', NULL, 'ISO_19115', '2009-08-27', 1, 1, 'NORMALFORM');

INSERT INTO "Storage"."Values" ("form", "path", "ordinal", "type", "typeStandard", "id_value") VALUES (19, 'ISO 19115:MD_Metadata', 1, 'MD_Metadata', 'ISO 19115', 'ISO 19115:MD_Metadata.1');
INSERT INTO "Storage"."Values" ("form", "path", "ordinal", "type", "typeStandard", "id_value") VALUES (19, 'ISO 19115:MD_Metadata:identificationInfo', 1, 'MD_DataIdentification', 'ISO 19115', 'ISO 19115:MD_Metadata.1:identificationInfo.1');
INSERT INTO "Storage"."Values" ("form", "path", "ordinal", "type", "typeStandard", "id_value") VALUES (19, 'ISO 19115:MD_Metadata:identificationInfo:extent', 1, 'EX_Extent', 'ISO 19115', 'ISO 19115:MD_Metadata.1:identificationInfo.1:extent.1');
INSERT INTO "Storage"."Values" ("form", "path", "ordinal", "type", "typeStandard", "id_value") VALUES (19, 'ISO 19115:MD_Metadata:identificationInfo:extent:geographicElement4', 1, 'EX_BoundingPolygon', 'ISO 19115', 'ISO 19115:MD_Metadata.1:identificationInfo.1:extent.1:geographicElement4.1');
INSERT INTO "Storage"."Values" ("form", "path", "ordinal", "type", "typeStandard", "id_value") VALUES (19, 'ISO 19115:MD_Metadata:identificationInfo:extent:geographicElement4:polygon', 1, 'Point', 'ISO 19108', 'ISO 19115:MD_Metadata.1:identificationInfo.1:extent.1:geographicElement4.1:polygon.1');
INSERT INTO "Storage"."Values" ("form", "path", "ordinal", "type", "typeStandard", "id_value") VALUES (19, 'ISO 19115:MD_Metadata:identificationInfo:extent:geographicElement4:polygon:pos', 1, 'DirectPosition', 'ISO 19108', 'ISO 19115:MD_Metadata.1:identificationInfo.1:extent.1:geographicElement4.1:polygon.1:pos.1');

INSERT INTO "Storage"."TextValues" ("form", "path", "ordinal", "type", "typeStandard", "id_value", "value") VALUES (19, 'ISO 19115:MD_Metadata:identificationInfo:extent:geographicElement4:polygon:srsName', 1, 'CharacterString', 'ISO 19103', 'ISO 19115:MD_Metadata.1:identificationInfo.1:extent.1:geographicElement4.1:polygon.1:srsName.1', 'EPSG:3395');
INSERT INTO "Storage"."TextValues" ("form", "path", "ordinal", "type", "typeStandard", "id_value", "value") VALUES (19, 'ISO 19115:MD_Metadata:identificationInfo:extent:geographicElement4:polygon:id', 1, 'CharacterString', 'ISO 19103', 'ISO 19115:MD_Metadata.1:identificationInfo.1:extent.1:geographicElement4.1:polygon.1:id.1', 'pt1');
INSERT INTO "Storage"."TextValues" ("form", "path", "ordinal", "type", "typeStandard", "id_value", "value") VALUES (19, 'ISO 19115:MD_Metadata:identificationInfo:extent:geographicElement4:polygon:pos:srsName', 1, 'CharacterString', 'ISO 19103', 'ISO 19115:MD_Metadata.1:identificationInfo.1:extent.1:geographicElement4.1:polygon.1:pos.1:srsName.1', 'EPSG:3395');
INSERT INTO "Storage"."TextValues" ("form", "path", "ordinal", "type", "typeStandard", "id_value", "value") VALUES (19, 'ISO 19115:MD_Metadata:identificationInfo:extent:geographicElement4:polygon:pos:srsDimension', 1, 'Integer', 'ISO 19103', 'ISO 19115:MD_Metadata.1:identificationInfo.1:extent.1:geographicElement4.1:polygon.1:pos.1:srsDimension.1', '2');
INSERT INTO "Storage"."TextValues" ("form", "path", "ordinal", "type", "typeStandard", "id_value", "value") VALUES (19, 'ISO 19115:MD_Metadata:identificationInfo:extent:geographicElement4:polygon:pos:value', 1,  'Double', 'ISO 19103', 'ISO 19115:MD_Metadata.1:identificationInfo.1:extent.1:geographicElement4.1:polygon.1:pos.1:value.1', '2.0');
INSERT INTO "Storage"."TextValues" ("form", "path", "ordinal", "type", "typeStandard", "id_value", "value") VALUES (19, 'ISO 19115:MD_Metadata:identificationInfo:extent:geographicElement4:polygon:pos:value', 2,  'Double', 'ISO 19103', 'ISO 19115:MD_Metadata.1:identificationInfo.1:extent.1:geographicElement4.1:polygon.1:pos.1:value.2', '2.3');
INSERT INTO "Storage"."TextValues" ("form", "path", "ordinal", "type", "typeStandard", "id_value", "value") VALUES (19, 'ISO 19115:MD_Metadata:identificationInfo:extent:geographicElement4:polygon:pos:value', 3,  'Double', 'ISO 19103', 'ISO 19115:MD_Metadata.1:identificationInfo.1:extent.1:geographicElement4.1:polygon.1:pos.1:value.3', '2.4');

INSERT INTO "Storage"."Forms" ("identifier", "catalog", "title", "inputLogin", "validationLogin", "profile", "updateDate", "isValidated", "isPublished", "type") VALUES (20, 'CSWCat', 'meta 13', 'admin', NULL, 'ISO_19115', '2009-08-27', 1, 1, 'NORMALFORM');

INSERT INTO "Storage"."Values" ("form", "path", "ordinal", "type", "typeStandard", "id_value") VALUES (20, 'ISO 19115:MD_Metadata', 1, 'MD_Metadata', 'ISO 19115', 'ISO 19115:MD_Metadata.1');
INSERT INTO "Storage"."Values" ("form", "path", "ordinal", "type", "typeStandard", "id_value") VALUES (20, 'ISO 19115:MD_Metadata:identificationInfo', 1, 'MD_DataIdentification', 'ISO 19115', 'ISO 19115:MD_Metadata.1:identificationInfo.1');
INSERT INTO "Storage"."Values" ("form", "path", "ordinal", "type", "typeStandard", "id_value") VALUES (20, 'ISO 19115:MD_Metadata:identificationInfo:extent', 1, 'EX_Extent', 'ISO 19115', 'ISO 19115:MD_Metadata.1:identificationInfo.1:extent.1');
INSERT INTO "Storage"."Values" ("form", "path", "ordinal", "type", "typeStandard", "id_value") VALUES (20, 'ISO 19115:MD_Metadata:identificationInfo:extent:geographicElement4', 1, 'EX_BoundingPolygon', 'ISO 19115', 'ISO 19115:MD_Metadata.1:identificationInfo.1:extent.1:geographicElement4.1');
INSERT INTO "Storage"."Values" ("form", "path", "ordinal", "type", "typeStandard", "id_value") VALUES (20, 'ISO 19115:MD_Metadata:identificationInfo:extent:geographicElement4:polygon', 1, 'Curve', 'ISO 19108', 'ISO 19115:MD_Metadata.1:identificationInfo.1:extent.1:geographicElement4.1:polygon.1');
INSERT INTO "Storage"."Values" ("form", "path", "ordinal", "type", "typeStandard", "id_value") VALUES (20, 'ISO 19115:MD_Metadata:identificationInfo:extent:geographicElement4:polygon:segments', 1, 'CurveSegmentArrayProperty', 'ISO 19108', 'ISO 19115:MD_Metadata.1:identificationInfo.1:extent.1:geographicElement4.1:polygon.1:segments.1');
INSERT INTO "Storage"."Values" ("form", "path", "ordinal", "type", "typeStandard", "id_value") VALUES (20, 'ISO 19115:MD_Metadata:identificationInfo:extent:geographicElement4:polygon:segments:abstractCurveSegment', 1, 'LineStringSegment', 'ISO 19108', 'ISO 19115:MD_Metadata.1:identificationInfo.1:extent.1:geographicElement4.1:polygon.1:segments.1:abstractCurveSegment.1');
INSERT INTO "Storage"."Values" ("form", "path", "ordinal", "type", "typeStandard", "id_value") VALUES (20, 'ISO 19115:MD_Metadata:identificationInfo:extent:geographicElement4:polygon:segments:abstractCurveSegment:posList', 1, 'DirectPositionList', 'ISO 19108', 'ISO 19115:MD_Metadata.1:identificationInfo.1:extent.1:geographicElement4.1:polygon.1:segments.1:abstractCurveSegment.1:posList.1');


INSERT INTO "Storage"."TextValues" ("form", "path", "ordinal", "type", "typeStandard", "id_value", "value") VALUES (20, 'ISO 19115:MD_Metadata:identificationInfo:extent:geographicElement4:polygon:srsName', 1, 'CharacterString', 'ISO 19103', 'ISO 19115:MD_Metadata.1:identificationInfo.1:extent.1:geographicElement4.1:polygon.1:srsName.1', 'EPSG:3395');
INSERT INTO "Storage"."TextValues" ("form", "path", "ordinal", "type", "typeStandard", "id_value", "value") VALUES (20, 'ISO 19115:MD_Metadata:identificationInfo:extent:geographicElement4:polygon:id', 1, 'CharacterString', 'ISO 19103', 'ISO 19115:MD_Metadata.1:identificationInfo.1:extent.1:geographicElement4.1:polygon.1:id.1', 'c11');
INSERT INTO "Storage"."TextValues" ("form", "path", "ordinal", "type", "typeStandard", "id_value", "value") VALUES (20, 'ISO 19115:MD_Metadata:identificationInfo:extent:geographicElement4:polygon:segments:abstractCurveSegment:posList:value', 1,  'Double', 'ISO 19103', 'ISO 19115:MD_Metadata.1:identificationInfo.1:extent.1:geographicElement4.1:polygon.1:segments.1:abstractCurveSegment.1:posList.1:value.1', '135510');
INSERT INTO "Storage"."TextValues" ("form", "path", "ordinal", "type", "typeStandard", "id_value", "value") VALUES (20, 'ISO 19115:MD_Metadata:identificationInfo:extent:geographicElement4:polygon:segments:abstractCurveSegment:posList:value', 2,  'Double', 'ISO 19103', 'ISO 19115:MD_Metadata.1:identificationInfo.1:extent.1:geographicElement4.1:polygon.1:segments.1:abstractCurveSegment.1:posList.1:value.2', '2338590');
INSERT INTO "Storage"."TextValues" ("form", "path", "ordinal", "type", "typeStandard", "id_value", "value") VALUES (20, 'ISO 19115:MD_Metadata:identificationInfo:extent:geographicElement4:polygon:segments:abstractCurveSegment:posList:value', 3,  'Double', 'ISO 19103', 'ISO 19115:MD_Metadata.1:identificationInfo.1:extent.1:geographicElement4.1:polygon.1:segments.1:abstractCurveSegment.1:posList.1:value.3', '2338670');

INSERT INTO "Storage"."Forms" ("identifier", "catalog", "title", "inputLogin", "validationLogin", "profile", "updateDate", "isValidated", "isPublished", "type") VALUES (21, 'CSWCat', 'meta 14', 'admin', NULL, 'ISO_19115', '2009-08-27', 1, 1, 'NORMALFORM');

INSERT INTO "Storage"."Values" ("form", "path", "ordinal", "type", "typeStandard", "id_value") VALUES (21, 'ISO 19115:MD_Metadata', 1, 'MD_Metadata', 'ISO 19115', 'ISO 19115:MD_Metadata.1');
INSERT INTO "Storage"."Values" ("form", "path", "ordinal", "type", "typeStandard", "id_value") VALUES (21, 'ISO 19115:MD_Metadata:identificationInfo', 1, 'MD_DataIdentification', 'ISO 19115', 'ISO 19115:MD_Metadata.1:identificationInfo.1');
INSERT INTO "Storage"."Values" ("form", "path", "ordinal", "type", "typeStandard", "id_value") VALUES (21, 'ISO 19115:MD_Metadata:identificationInfo:extent', 1, 'EX_Extent', 'ISO 19115', 'ISO 19115:MD_Metadata.1:identificationInfo.1:extent.1');
INSERT INTO "Storage"."Values" ("form", "path", "ordinal", "type", "typeStandard", "id_value") VALUES (21, 'ISO 19115:MD_Metadata:identificationInfo:extent:geographicElement4', 1, 'EX_BoundingPolygon', 'ISO 19115', 'ISO 19115:MD_Metadata.1:identificationInfo.1:extent.1:geographicElement4.1');
INSERT INTO "Storage"."Values" ("form", "path", "ordinal", "type", "typeStandard", "id_value") VALUES (21, 'ISO 19115:MD_Metadata:identificationInfo:extent:geographicElement4:polygon', 1, 'LineString', 'ISO 19108', 'ISO 19115:MD_Metadata.1:identificationInfo.1:extent.1:geographicElement4.1:polygon.1');
INSERT INTO "Storage"."Values" ("form", "path", "ordinal", "type", "typeStandard", "id_value") VALUES (21, 'ISO 19115:MD_Metadata:identificationInfo:extent:geographicElement4:polygon:coordinates', 1, 'Coordinates', 'ISO 19108', 'ISO 19115:MD_Metadata.1:identificationInfo.1:extent.1:geographicElement4.1:polygon.1:coordinates.1');

INSERT INTO "Storage"."TextValues" ("form", "path", "ordinal", "type", "typeStandard", "id_value", "value") VALUES (21, 'ISO 19115:MD_Metadata:identificationInfo:extent:geographicElement4:polygon:coordinates:value', 1, 'CharacterString', 'ISO 19103', 'ISO 19115:MD_Metadata.1:identificationInfo.1:extent.1:geographicElement4.1:polygon.1:coordinates.1:value.1', '12.3 14.5');

INSERT INTO "Storage"."Forms" ("identifier", "catalog", "title", "inputLogin", "validationLogin", "profile", "updateDate", "isValidated", "isPublished", "type") VALUES (22, 'CSWCat', 'meta 15', 'admin', NULL, 'ISO_19115', '2009-08-27', 1, 1, 'NORMALFORM');

INSERT INTO "Storage"."Values" ("form", "path", "ordinal", "type", "typeStandard", "id_value") VALUES (22, 'ISO 19115:MD_Metadata', 1, 'MD_Metadata', 'ISO 19115', 'ISO 19115:MD_Metadata.1');
INSERT INTO "Storage"."Values" ("form", "path", "ordinal", "type", "typeStandard", "id_value") VALUES (22, 'ISO 19115:MD_Metadata:spatialRepresentationInfo', 1, 'MD_Georectified', 'ISO 19115', 'ISO 19115:MD_Metadata.1:spatialRepresentationInfo.1');
INSERT INTO "Storage"."Values" ("form", "path", "ordinal", "type", "typeStandard", "id_value") VALUES (22, 'ISO 19115:MD_Metadata:spatialRepresentationInfo:axisDimensionProperties', 1, 'MD_Dimension', 'ISO 19115', 'ISO 19115:MD_Metadata.1:spatialRepresentationInfo.1:axisDimensionProperties.1');
INSERT INTO "Storage"."Values" ("form", "path", "ordinal", "type", "typeStandard", "id_value") VALUES (22, 'ISO 19115:MD_Metadata:spatialRepresentationInfo:cornerPoints', 1, 'Point', 'ISO 19108', 'ISO 19115:MD_Metadata.1:spatialRepresentationInfo.1:cornerPoints.1');
INSERT INTO "Storage"."Values" ("form", "path", "ordinal", "type", "typeStandard", "id_value") VALUES (22, 'ISO 19115:MD_Metadata:spatialRepresentationInfo:cornerPoints:pos', 1, 'DirectPosition', 'ISO 19108', 'ISO 19115:MD_Metadata.1:spatialRepresentationInfo.1:cornerPoints.1:pos.1');
INSERT INTO "Storage"."Values" ("form", "path", "ordinal", "type", "typeStandard", "id_value") VALUES (22, 'ISO 19115:MD_Metadata:spatialRepresentationInfo:cornerPoints', 2, 'Point', 'ISO 19108', 'ISO 19115:MD_Metadata.1:spatialRepresentationInfo.1:cornerPoints.2');
INSERT INTO "Storage"."Values" ("form", "path", "ordinal", "type", "typeStandard", "id_value") VALUES (22, 'ISO 19115:MD_Metadata:spatialRepresentationInfo:cornerPoints:pos', 1, 'DirectPosition', 'ISO 19108', 'ISO 19115:MD_Metadata.1:spatialRepresentationInfo.1:cornerPoints.2:pos.1');


INSERT INTO "Storage"."TextValues" ("form", "path", "ordinal", "type", "typeStandard", "id_value", "value") VALUES (22, 'ISO 19115:MD_Metadata:spatialRepresentationInfo:numberOfDimensions', 1, 'Integer', 'ISO 19103', 'ISO 19115:MD_Metadata.1:spatialRepresentationInfo.1:numberOfDimensions.1', '2');
INSERT INTO "Storage"."TextValues" ("form", "path", "ordinal", "type", "typeStandard", "id_value", "value") VALUES (22, 'ISO 19115:MD_Metadata:spatialRepresentationInfo:axisDimensionProperties:dimensionSize', 1, 'Integer', 'ISO 19103', 'ISO 19115:MD_Metadata.1:spatialRepresentationInfo.1:axisDimensionProperties.1:dimensionSize.1', '1');
INSERT INTO "Storage"."TextValues" ("form", "path", "ordinal", "type", "typeStandard", "id_value", "value") VALUES (22, 'ISO 19115:MD_Metadata:spatialRepresentationInfo:axisDimensionProperties:dimensionName', 1, 'MD_DimensionNameTypeCode', 'ISO 19115', 'ISO 19115:MD_Metadata.1:spatialRepresentationInfo.1:axisDimensionProperties.1:dimensionName.1', '1');
INSERT INTO "Storage"."TextValues" ("form", "path", "ordinal", "type", "typeStandard", "id_value", "value") VALUES (22, 'ISO 19115:MD_Metadata:spatialRepresentationInfo:cellGeometry', 1, 'MD_CellGeometryCode', 'ISO 19115', 'ISO 19115:MD_Metadata.1:spatialRepresentationInfo.1:cellGeometry.1', '1');
INSERT INTO "Storage"."TextValues" ("form", "path", "ordinal", "type", "typeStandard", "id_value", "value") VALUES (22, 'ISO 19115:MD_Metadata:spatialRepresentationInfo:transformationParameterAvailability', 1, 'Boolean', 'ISO 19103', 'ISO 19115:MD_Metadata.1:spatialRepresentationInfo.1:transformationParameterAvailability.1', 'false');
INSERT INTO "Storage"."TextValues" ("form", "path", "ordinal", "type", "typeStandard", "id_value", "value") VALUES (22, 'ISO 19115:MD_Metadata:spatialRepresentationInfo:checkPointAvailability', 1, 'Boolean', 'ISO 19103', 'ISO 19115:MD_Metadata.1:spatialRepresentationInfo.1:checkPointAvailability.1', 'false');
INSERT INTO "Storage"."TextValues" ("form", "path", "ordinal", "type", "typeStandard", "id_value", "value") VALUES (22, 'ISO 19115:MD_Metadata:spatialRepresentationInfo:cornerPoints:id', 1, 'CharacterString', 'ISO 19103', 'ISO 19115:MD_Metadata.1:spatialRepresentationInfo.1:cornerPoints.1:id.1', 'cornerPoints.1');
INSERT INTO "Storage"."TextValues" ("form", "path", "ordinal", "type", "typeStandard", "id_value", "value") VALUES (22, 'ISO 19115:MD_Metadata:spatialRepresentationInfo:cornerPoints:id', 1, 'CharacterString', 'ISO 19103', 'ISO 19115:MD_Metadata.1:spatialRepresentationInfo.1:cornerPoints.2:id.1', 'cornerPoints.2');
INSERT INTO "Storage"."TextValues" ("form", "path", "ordinal", "type", "typeStandard", "id_value", "value") VALUES (22, 'ISO 19115:MD_Metadata:spatialRepresentationInfo:cornerPoints:srsName', 1, 'CharacterString', 'ISO 19103', 'ISO 19115:MD_Metadata.1:spatialRepresentationInfo.1:cornerPoints.1:srsName.1', '#epsg:2154');
INSERT INTO "Storage"."TextValues" ("form", "path", "ordinal", "type", "typeStandard", "id_value", "value") VALUES (22, 'ISO 19115:MD_Metadata:spatialRepresentationInfo:cornerPoints:srsName', 1, 'CharacterString', 'ISO 19103', 'ISO 19115:MD_Metadata.1:spatialRepresentationInfo.1:cornerPoints.2:srsName.1', '#epsg:2154');
INSERT INTO "Storage"."TextValues" ("form", "path", "ordinal", "type", "typeStandard", "id_value", "value") VALUES (22, 'ISO 19115:MD_Metadata:spatialRepresentationInfo:cornerPoints:pos:value', 1, 'Double', 'ISO 19103', 'ISO 19115:MD_Metadata.1:spatialRepresentationInfo.1:cornerPoints.1:pos.1:value.1', '857000');
INSERT INTO "Storage"."TextValues" ("form", "path", "ordinal", "type", "typeStandard", "id_value", "value") VALUES (22, 'ISO 19115:MD_Metadata:spatialRepresentationInfo:cornerPoints:pos:value', 2, 'Double', 'ISO 19103', 'ISO 19115:MD_Metadata.1:spatialRepresentationInfo.1:cornerPoints.1:pos.1:value.2', '6526000');
INSERT INTO "Storage"."TextValues" ("form", "path", "ordinal", "type", "typeStandard", "id_value", "value") VALUES (22, 'ISO 19115:MD_Metadata:spatialRepresentationInfo:cornerPoints:pos:value', 1, 'Double', 'ISO 19103', 'ISO 19115:MD_Metadata.1:spatialRepresentationInfo.1:cornerPoints.2:pos.1:value.1', '858000');
INSERT INTO "Storage"."TextValues" ("form", "path", "ordinal", "type", "typeStandard", "id_value", "value") VALUES (22, 'ISO 19115:MD_Metadata:spatialRepresentationInfo:cornerPoints:pos:value', 2, 'Double', 'ISO 19103', 'ISO 19115:MD_Metadata.1:spatialRepresentationInfo.1:cornerPoints.2:pos.1:value.2', '6526000');
